Restaurant_ID,Restaurant_Name,City,Cuisine,Popularity
1,Rest_1,Ahmedabad,Indian,1.2644459537196964
2,Rest_2,Mumbai,Chinese,4.504427110344625
3,Rest_3,Mumbai,Italian,1.9316466907271714
4,Rest_4,Gurgaon,Chinese,1.5784940772771696
5,Rest_5,Jaipur,Italian,1.0885128808830968
6,Rest_6,Jaipur,Chinese,1.0884973269355578
7,Rest_7,Delhi,Indian,1.0303714664927321
8,Rest_8,Mumbai,Chinese,2.7335890941086682
9,Rest_9,Delhi,Indian,1.5833471834996309
10,Rest_10,Kolkata,Indian,1.8508130533712097
11,Rest_11,Bangalore,Indian,1.0104539183482386
12,Rest_12,Noida,Italian,5.764847712953568
13,Rest_13,Kolkata,Chinese,2.442970633854936
14,Rest_14,Pune,Chinese,1.1267572450661902
15,Rest_15,Hyderabad,Chinese,1.1055461810817975
16,Rest_16,Delhi,Chinese,1.1066148948634897
17,Rest_17,Gurgaon,Indian,1.198866904820821
18,Rest_18,Bangalore,Indian,1.4505806367708411
19,Rest_19,Pune,Indian,1.3267980168327367
20,Rest_20,Delhi,Italian,1.187810262253085
21,Rest_21,Bangalore,Chinese,1.60509900004366
22,Rest_22,Pune,Indian,1.0780105556949393
23,Rest_23,Delhi,Indian,1.1885781442844963
24,Rest_24,Noida,Chinese,1.2562594423687363
25,Rest_25,Noida,Chinese,1.355902580881852
26,Rest_26,Noida,Indian,2.157538536616732
27,Rest_27,Bangalore,Indian,1.1178061067938079
28,Rest_28,Hyderabad,Chinese,1.4347843763191193
29,Rest_29,Delhi,Chinese,1.5663567176151074
30,Rest_30,Chennai,Chinese,1.0240669700089868
31,Rest_31,Ahmedabad,Indian,1.5962649760242102
32,Rest_32,Noida,Indian,1.097989330677541
33,Rest_33,Pune,Chinese,1.0342039138955947
34,Rest_34,Chennai,Chinese,4.423113663127404
35,Rest_35,Chennai,Indian,5.394150745597778
36,Rest_36,Noida,Chinese,2.2845425021134633
37,Rest_37,Bangalore,Indian,1.1991871232731455
38,Rest_38,Lucknow,Indian,1.0527319659588514
39,Rest_39,Noida,Italian,1.7795764410985562
40,Rest_40,Gurgaon,Italian,1.3364881916681854
41,Rest_41,Mumbai,Indian,1.0672402563948746
42,Rest_42,Gurgaon,Italian,1.4074416364573665
43,Rest_43,Chennai,Indian,1.017650827456628
44,Rest_44,Mumbai,Indian,3.3208190147553927
45,Rest_45,Chennai,Italian,1.1615192987058522
46,Rest_46,Lucknow,Chinese,1.7213827620714943
47,Rest_47,Ahmedabad,Chinese,1.20535398926787
48,Rest_48,Mumbai,Chinese,1.4434779547963743
49,Rest_49,Kolkata,Indian,1.4852927620579766
50,Rest_50,Chennai,Chinese,1.1075986569685643
51,Rest_51,Delhi,Indian,5.733943800807773
52,Rest_52,Bangalore,Indian,2.1088076407087213
53,Rest_53,Jaipur,Italian,4.065542578123296
54,Rest_54,Delhi,Chinese,3.0835329421860562
55,Rest_55,Gurgaon,Italian,1.577004570484954
56,Rest_56,Kolkata,Indian,3.5776912481955003
57,Rest_57,Bangalore,Indian,1.0474176243430569
58,Rest_58,Chennai,Indian,1.115237456061295
59,Rest_59,Kolkata,Indian,1.023410812743319
60,Rest_60,Jaipur,Indian,1.2174591747767853
61,Rest_61,Mumbai,Italian,1.2789828913156454
62,Rest_62,Chennai,Chinese,1.1714944267644936
63,Rest_63,Ahmedabad,Chinese,2.4164002497059993
64,Rest_64,Jaipur,Italian,1.246841432917052
65,Rest_65,Jaipur,Chinese,1.179276859947399
66,Rest_66,Delhi,Chinese,1.4787594718579702
67,Rest_67,Chennai,Chinese,1.078907628211568
68,Rest_68,Mumbai,Chinese,2.2484515917972785
69,Rest_69,Kolkata,Chinese,1.0394980312821323
70,Rest_70,Hyderabad,Indian,8.732687507081005
71,Rest_71,Delhi,Italian,2.095394598451375
72,Rest_72,Ahmedabad,Indian,1.1171376230627053
73,Rest_73,Mumbai,Indian,1.0027725466058461
74,Rest_74,Pune,Indian,2.327857667809593
75,Rest_75,Noida,Italian,1.8469727615247973
76,Rest_76,Pune,Chinese,1.9209722813371433
77,Rest_77,Jaipur,Italian,2.0909264871171387
78,Rest_78,Chennai,Italian,1.039213973574792
79,Rest_79,Lucknow,Chinese,1.248504376587497
80,Rest_80,Jaipur,Indian,1.0635103124309664
81,Rest_81,Kolkata,Indian,2.7027365204419618
82,Rest_82,Bangalore,Italian,1.6293001973561674
83,Rest_83,Mumbai,Chinese,1.222514007801587
84,Rest_84,Delhi,Italian,1.0333790180919031
85,Rest_85,Delhi,Chinese,1.204716386337849
86,Rest_86,Jaipur,Chinese,1.2173265558822866
87,Rest_87,Ahmedabad,Italian,1.9230988935335906
88,Rest_88,Mumbai,Chinese,1.661041274422515
89,Rest_89,Delhi,Indian,2.977624860964304
90,Rest_90,Kolkata,Indian,1.3764848876100815
91,Rest_91,Hyderabad,Chinese,1.065757908048413
92,Rest_92,Noida,Chinese,1.867430033804925
93,Rest_93,Jaipur,Indian,2.0445881519814546
94,Rest_94,Hyderabad,Chinese,1.509749506669703
95,Rest_95,Hyderabad,Indian,2.0895421674858854
96,Rest_96,Mumbai,Chinese,1.4055200346889047
97,Rest_97,Gurgaon,Italian,1.4475021552185448
98,Rest_98,Chennai,Italian,1.321684549645418
99,Rest_99,Pune,Indian,1.0129571122388845
100,Rest_100,Gurgaon,Italian,1.0587444422248369
101,Rest_101,Mumbai,Indian,1.0160949917944735
102,Rest_102,Kolkata,Italian,1.6584190606386235
103,Rest_103,Pune,Indian,1.2076766071963452
104,Rest_104,Noida,Chinese,1.4264924351417425
105,Rest_105,Hyderabad,Chinese,3.289161815268585
106,Rest_106,Gurgaon,Indian,1.1541560814444807
107,Rest_107,Lucknow,Italian,1.3023117929656902
108,Rest_108,Bangalore,Indian,2.0225813138580393
109,Rest_109,Gurgaon,Indian,1.1387174423123487
110,Rest_110,Jaipur,Chinese,1.0408650427264072
111,Rest_111,Gurgaon,Indian,1.186573986573338
112,Rest_112,Delhi,Indian,1.0918834919203357
113,Rest_113,Chennai,Italian,3.771508458083867
114,Rest_114,Jaipur,Italian,2.28289309576487
115,Rest_115,Bangalore,Italian,1.6516042615141378
116,Rest_116,Lucknow,Indian,2.789214082415403
117,Rest_117,Hyderabad,Italian,2.2568825770658583
118,Rest_118,Kolkata,Italian,1.108766058738682
119,Rest_119,Gurgaon,Indian,3.050808698788443
120,Rest_120,Gurgaon,Italian,1.47336654788846
121,Rest_121,Ahmedabad,Chinese,2.278857328555781
122,Rest_122,Noida,Italian,3.1022303627282097
123,Rest_123,Delhi,Chinese,1.210901784178883
124,Rest_124,Noida,Italian,1.0600288026455367
125,Rest_125,Gurgaon,Chinese,1.1380808433934144
126,Rest_126,Mumbai,Chinese,1.3211847162351593
127,Rest_127,Kolkata,Indian,2.3441312479957905
128,Rest_128,Gurgaon,Italian,2.679613280902079
129,Rest_129,Hyderabad,Italian,1.0034942954564618
130,Rest_130,Kolkata,Indian,1.4296620385610046
131,Rest_131,Mumbai,Italian,1.3101434833098564
132,Rest_132,Delhi,Indian,1.1338100298997627
133,Rest_133,Lucknow,Chinese,1.0659220463015064
134,Rest_134,Jaipur,Chinese,1.2286970388855043
135,Rest_135,Kolkata,Indian,4.185225399305966
136,Rest_136,Noida,Italian,1.2155442287980336
137,Rest_137,Ahmedabad,Indian,1.4415607818172016
138,Rest_138,Hyderabad,Italian,1.8349981777246
139,Rest_139,Lucknow,Indian,1.2535596816428591
140,Rest_140,Gurgaon,Italian,5.953022472466191
141,Rest_141,Hyderabad,Chinese,5.1603527123847925
142,Rest_142,Pune,Italian,1.1560750005291676
143,Rest_143,Gurgaon,Indian,1.4103383487162036
144,Rest_144,Ahmedabad,Italian,1.195979159296836
145,Rest_145,Jaipur,Chinese,1.1824929012451002
146,Rest_146,Jaipur,Chinese,1.0189699242942245
147,Rest_147,Mumbai,Chinese,1.6003878970053265
148,Rest_148,Chennai,Italian,1.4180175667251356
149,Rest_149,Jaipur,Italian,1.0267777943299616
150,Rest_150,Pune,Chinese,1.1774051133335108
151,Rest_151,Bangalore,Italian,3.301676849227949
152,Rest_152,Chennai,Italian,1.1467481899435852
153,Rest_153,Hyderabad,Chinese,1.0814096596778051
154,Rest_154,Gurgaon,Indian,1.3995294244657641
155,Rest_155,Lucknow,Chinese,8.347970799520725
156,Rest_156,Noida,Chinese,1.1486328473649814
157,Rest_157,Mumbai,Italian,1.746436637926625
158,Rest_158,Pune,Chinese,2.048164063541323
159,Rest_159,Bangalore,Indian,1.1452999710770173
160,Rest_160,Gurgaon,Italian,1.9181754815985494
161,Rest_161,Lucknow,Chinese,1.2576707507170135
162,Rest_162,Noida,Indian,1.6491365928025434
163,Rest_163,Lucknow,Italian,1.6518880617450906
164,Rest_164,Bangalore,Chinese,1.4676942397895216
165,Rest_165,Delhi,Italian,1.0484517785451106
166,Rest_166,Lucknow,Indian,2.4640895716054394
167,Rest_167,Noida,Indian,1.213374288699696
168,Rest_168,Bangalore,Italian,1.1087309281806632
169,Rest_169,Lucknow,Chinese,1.0210330204036004
170,Rest_170,Jaipur,Indian,1.5634410640113479
171,Rest_171,Delhi,Italian,1.7610775519557142
172,Rest_172,Noida,Italian,1.0083985453312168
173,Rest_173,Mumbai,Italian,1.4316323435951068
174,Rest_174,Delhi,Indian,1.1370214426112637
175,Rest_175,Kolkata,Indian,1.678771323481166
176,Rest_176,Noida,Indian,1.1005412577317055
177,Rest_177,Kolkata,Italian,1.798775694543766
178,Rest_178,Delhi,Italian,1.2769562934310368
179,Rest_179,Pune,Italian,3.9755850072075445
180,Rest_180,Mumbai,Italian,1.0767768779186753
181,Rest_181,Delhi,Italian,1.231910500774884
182,Rest_182,Gurgaon,Indian,1.0620724517913653
183,Rest_183,Mumbai,Indian,3.6440481710017463
184,Rest_184,Bangalore,Chinese,2.855271267785491
185,Rest_185,Jaipur,Chinese,1.1608629895526903
186,Rest_186,Lucknow,Indian,1.7149456163327401
187,Rest_187,Ahmedabad,Indian,2.3390433858527677
188,Rest_188,Chennai,Italian,1.4994017276942857
189,Rest_189,Lucknow,Italian,1.4581080002621405
190,Rest_190,Ahmedabad,Chinese,1.1484790740290087
191,Rest_191,Gurgaon,Chinese,1.0500765541620378
192,Rest_192,Gurgaon,Indian,3.1191533805076155
193,Rest_193,Delhi,Chinese,3.168908522163143
194,Rest_194,Lucknow,Italian,1.6509237169828477
195,Rest_195,Gurgaon,Indian,1.2300111752420095
196,Rest_196,Jaipur,Chinese,1.2395938775989432
197,Rest_197,Ahmedabad,Indian,1.910247309067143
198,Rest_198,Delhi,Indian,3.117553858337776
199,Rest_199,Kolkata,Chinese,2.975958835441625
200,Rest_200,Noida,Italian,2.131404380374087
201,Rest_201,Lucknow,Italian,1.6713895507718932
202,Rest_202,Kolkata,Chinese,1.044925784312441
203,Rest_203,Pune,Chinese,1.0921487733142055
204,Rest_204,Mumbai,Chinese,3.1396623116888613
205,Rest_205,Gurgaon,Indian,1.5940006266250688
206,Rest_206,Lucknow,Chinese,1.0046304905465586
207,Rest_207,Kolkata,Chinese,1.0549553573429524
208,Rest_208,Noida,Italian,1.7238862566521937
209,Rest_209,Kolkata,Italian,1.0025404399887647
210,Rest_210,Delhi,Italian,1.091614625573156
211,Rest_211,Bangalore,Indian,1.4886191169112055
212,Rest_212,Mumbai,Chinese,1.801568444106854
213,Rest_213,Delhi,Indian,1.6950644116225029
214,Rest_214,Chennai,Chinese,1.135388557382379
215,Rest_215,Hyderabad,Italian,1.863970042379199
216,Rest_216,Kolkata,Italian,1.145008292715659
217,Rest_217,Lucknow,Chinese,1.217521767249381
218,Rest_218,Pune,Italian,1.9861116366144196
219,Rest_219,Ahmedabad,Italian,1.6894227577905898
220,Rest_220,Kolkata,Indian,2.5753309206481627
221,Rest_221,Chennai,Indian,1.7089969920796364
222,Rest_222,Mumbai,Chinese,1.5219952716923375
223,Rest_223,Chennai,Indian,1.0504078640777688
224,Rest_224,Noida,Chinese,1.257603786527003
225,Rest_225,Jaipur,Chinese,1.1665842960271442
226,Rest_226,Jaipur,Italian,1.1501013878435427
227,Rest_227,Noida,Italian,6.0869960651798865
228,Rest_228,Gurgaon,Indian,1.283632242211744
229,Rest_229,Chennai,Italian,3.043559156087405
230,Rest_230,Delhi,Italian,1.6465253069553984
231,Rest_231,Bangalore,Italian,2.2076147330439255
232,Rest_232,Delhi,Chinese,1.417957792559924
233,Rest_233,Jaipur,Chinese,1.5373773594732638
234,Rest_234,Pune,Italian,1.4037492835266472
235,Rest_235,Gurgaon,Chinese,1.114724676664795
236,Rest_236,Gurgaon,Chinese,1.8981522282574985
237,Rest_237,Kolkata,Indian,1.1791439206217773
238,Rest_238,Chennai,Italian,1.0123842986598286
239,Rest_239,Kolkata,Italian,1.6794802879542174
240,Rest_240,Lucknow,Chinese,1.1023748256993173
241,Rest_241,Lucknow,Italian,4.0981742663193375
242,Rest_242,Pune,Indian,4.658908561310332
243,Rest_243,Ahmedabad,Indian,3.4272388682519797
244,Rest_244,Chennai,Chinese,1.2600402920236853
245,Rest_245,Kolkata,Italian,1.0078190681812886
246,Rest_246,Kolkata,Chinese,3.7350519545144936
247,Rest_247,Delhi,Indian,1.3224276001008706
248,Rest_248,Chennai,Indian,5.4762524528953795
249,Rest_249,Mumbai,Indian,5.24286307808879
250,Rest_250,Kolkata,Indian,2.6082865424221255
251,Rest_251,Mumbai,Italian,1.190517437549422
252,Rest_252,Noida,Chinese,1.275254754432191
253,Rest_253,Noida,Italian,2.59182776148832
254,Rest_254,Kolkata,Indian,1.2099428362394475
255,Rest_255,Bangalore,Chinese,1.0973073422050912
256,Rest_256,Gurgaon,Indian,1.5021065596974037
257,Rest_257,Kolkata,Indian,3.957635438377683
258,Rest_258,Kolkata,Chinese,1.8137795165959076
259,Rest_259,Kolkata,Italian,1.5250941840999288
260,Rest_260,Hyderabad,Indian,1.0524429687807406
261,Rest_261,Chennai,Indian,1.6116610540822636
262,Rest_262,Lucknow,Indian,10.027034286195619
263,Rest_263,Hyderabad,Italian,1.0783804079633854
264,Rest_264,Delhi,Indian,1.4408708136182802
265,Rest_265,Ahmedabad,Chinese,2.8556637956853606
266,Rest_266,Ahmedabad,Indian,1.9640666087058032
267,Rest_267,Mumbai,Chinese,1.8167282393463162
268,Rest_268,Lucknow,Chinese,1.8333479533851647
269,Rest_269,Ahmedabad,Indian,1.2495033734853773
270,Rest_270,Ahmedabad,Italian,1.1897950223177765
271,Rest_271,Jaipur,Chinese,2.290310169589491
272,Rest_272,Chennai,Indian,2.294842238013813
273,Rest_273,Hyderabad,Chinese,2.742788280742478
274,Rest_274,Chennai,Indian,3.39501432661673
275,Rest_275,Noida,Italian,1.4305323081478631
276,Rest_276,Bangalore,Indian,1.416362816475393
277,Rest_277,Bangalore,Italian,2.2265982361811925
278,Rest_278,Lucknow,Chinese,1.6902214188836338
279,Rest_279,Ahmedabad,Chinese,1.8317564664512749
280,Rest_280,Pune,Chinese,2.2129129786023323
281,Rest_281,Ahmedabad,Indian,3.0151866583803812
282,Rest_282,Delhi,Indian,1.229049619400113
283,Rest_283,Ahmedabad,Indian,1.2655013836487685
284,Rest_284,Noida,Italian,1.05058591160725
285,Rest_285,Lucknow,Italian,1.539883883571762
286,Rest_286,Hyderabad,Chinese,1.0184705611114495
287,Rest_287,Jaipur,Chinese,1.367936601359592
288,Rest_288,Delhi,Chinese,1.4786762958101782
289,Rest_289,Hyderabad,Italian,1.1839014878338832
290,Rest_290,Bangalore,Indian,1.563327035118458
291,Rest_291,Bangalore,Italian,1.0156080844136843
292,Rest_292,Hyderabad,Indian,1.019214007782961
293,Rest_293,Gurgaon,Italian,2.37423596021838
294,Rest_294,Gurgaon,Italian,1.2501862148560898
295,Rest_295,Noida,Chinese,1.0703059269530604
296,Rest_296,Mumbai,Indian,1.446760319223792
297,Rest_297,Kolkata,Italian,2.0851149178836534
298,Rest_298,Pune,Italian,1.1292559919997593
299,Rest_299,Jaipur,Chinese,1.628419331961003
300,Rest_300,Chennai,Italian,1.045615298460209
301,Rest_301,Lucknow,Indian,1.0268876698115874
302,Rest_302,Chennai,Chinese,1.4607565264415876
303,Rest_303,Gurgaon,Italian,1.475438481706564
304,Rest_304,Lucknow,Chinese,1.6607490310175839
305,Rest_305,Jaipur,Chinese,1.910720281032256
306,Rest_306,Kolkata,Indian,6.4351715806352106
307,Rest_307,Gurgaon,Chinese,1.4378451361944138
308,Rest_308,Hyderabad,Indian,1.215322965933564
309,Rest_309,Bangalore,Italian,2.20963421855801
310,Rest_310,Pune,Indian,1.1710792186074779
311,Rest_311,Pune,Italian,1.3350806681893386
312,Rest_312,Chennai,Indian,1.0416985314994287
313,Rest_313,Chennai,Indian,1.0129215760735941
314,Rest_314,Ahmedabad,Italian,5.174227029082519
315,Rest_315,Delhi,Indian,2.4691743439598945
316,Rest_316,Jaipur,Chinese,1.8136136858190808
317,Rest_317,Gurgaon,Chinese,1.3007354330399343
318,Rest_318,Mumbai,Italian,1.0998274106344048
319,Rest_319,Bangalore,Chinese,1.0887827953879383
320,Rest_320,Bangalore,Indian,1.1548875669036496
321,Rest_321,Kolkata,Chinese,1.4894327222722845
322,Rest_322,Ahmedabad,Indian,1.8718451280460422
323,Rest_323,Jaipur,Indian,1.7154838598491278
324,Rest_324,Noida,Italian,1.1784572062605623
325,Rest_325,Jaipur,Chinese,4.707004645148301
326,Rest_326,Gurgaon,Italian,1.9532774444157166
327,Rest_327,Chennai,Chinese,1.4979765652775239
328,Rest_328,Bangalore,Italian,1.6048258339464352
329,Rest_329,Pune,Indian,1.312611852448942
330,Rest_330,Hyderabad,Italian,1.1529578065642188
331,Rest_331,Delhi,Chinese,1.246085533728851
332,Rest_332,Ahmedabad,Chinese,2.032143045972172
333,Rest_333,Gurgaon,Indian,1.007275377752865
334,Rest_334,Ahmedabad,Italian,1.063632776118903
335,Rest_335,Chennai,Chinese,1.023826612424538
336,Rest_336,Mumbai,Chinese,1.0210083587326317
337,Rest_337,Kolkata,Chinese,2.630309491934447
338,Rest_338,Hyderabad,Italian,1.8369751999644874
339,Rest_339,Lucknow,Chinese,1.3790464708700856
340,Rest_340,Pune,Indian,1.0528265073478131
341,Rest_341,Mumbai,Italian,1.4025036808435032
342,Rest_342,Delhi,Indian,1.3781267728130255
343,Rest_343,Pune,Indian,1.09976591916519
344,Rest_344,Gurgaon,Italian,1.3290302828327611
345,Rest_345,Kolkata,Chinese,1.2893887995430233
346,Rest_346,Pune,Italian,1.6134281749466766
347,Rest_347,Hyderabad,Chinese,1.6554241633073683
348,Rest_348,Pune,Italian,1.0234519333632124
349,Rest_349,Bangalore,Indian,1.264519239766323
350,Rest_350,Mumbai,Indian,1.6348687033959972
351,Rest_351,Ahmedabad,Indian,1.4186698770174346
352,Rest_352,Ahmedabad,Italian,2.639724951222859
353,Rest_353,Lucknow,Italian,1.7117006047574401
354,Rest_354,Noida,Italian,1.0930002461318804
355,Rest_355,Kolkata,Italian,1.0372689174314604
356,Rest_356,Delhi,Indian,1.6722952325295137
357,Rest_357,Bangalore,Italian,1.0135251852039182
358,Rest_358,Kolkata,Indian,1.5537536125675133
359,Rest_359,Chennai,Chinese,4.090338492749197
360,Rest_360,Chennai,Indian,1.5347864069476165
361,Rest_361,Ahmedabad,Chinese,1.2784524795020682
362,Rest_362,Ahmedabad,Italian,1.6743308265613388
363,Rest_363,Delhi,Indian,1.3586315596262555
364,Rest_364,Delhi,Chinese,1.4835044794934935
365,Rest_365,Jaipur,Chinese,4.133248142795548
366,Rest_366,Mumbai,Indian,1.276298081299558
367,Rest_367,Pune,Chinese,5.076113606725978
368,Rest_368,Chennai,Chinese,3.250432589302984
369,Rest_369,Mumbai,Italian,1.1151045088948301
370,Rest_370,Delhi,Chinese,1.0365958026887458
371,Rest_371,Pune,Italian,1.0545484520180468
372,Rest_372,Bangalore,Chinese,1.0092373472863638
373,Rest_373,Bangalore,Chinese,1.0508533052821567
374,Rest_374,Chennai,Chinese,1.7761310589277153
375,Rest_375,Pune,Chinese,1.0376150032370226
376,Rest_376,Bangalore,Indian,1.2117657509185193
377,Rest_377,Bangalore,Indian,2.5389815093582913
378,Rest_378,Hyderabad,Chinese,1.011843082060673
379,Rest_379,Jaipur,Chinese,2.321620081799613
380,Rest_380,Noida,Italian,1.180032208471407
381,Rest_381,Jaipur,Italian,1.0648937829992111
382,Rest_382,Bangalore,Indian,1.8158936291736099
383,Rest_383,Lucknow,Indian,1.6416463138374275
384,Rest_384,Kolkata,Chinese,2.85681654019246
385,Rest_385,Mumbai,Chinese,1.942832168940354
386,Rest_386,Delhi,Chinese,2.2557847187511912
387,Rest_387,Hyderabad,Italian,1.180179955078006
388,Rest_388,Pune,Indian,1.102595171556229
389,Rest_389,Pune,Chinese,2.0024635509114996
390,Rest_390,Noida,Indian,2.2752833443661378
391,Rest_391,Kolkata,Chinese,10.262561270300123
392,Rest_392,Pune,Chinese,1.3047868277864223
393,Rest_393,Lucknow,Indian,1.261904333755834
394,Rest_394,Jaipur,Italian,2.114835965213482
395,Rest_395,Mumbai,Chinese,1.2316649050561337
396,Rest_396,Mumbai,Indian,3.8002580115346354
397,Rest_397,Kolkata,Italian,2.6575896850936975
398,Rest_398,Delhi,Indian,1.3233650919809679
399,Rest_399,Gurgaon,Italian,2.0034934027932363
400,Rest_400,Chennai,Indian,2.0184229595977023
401,Rest_401,Noida,Indian,1.0559266888148457
402,Rest_402,Chennai,Indian,3.2034323374667597
403,Rest_403,Delhi,Chinese,1.4217005775214733
404,Rest_404,Lucknow,Italian,2.400474146208849
405,Rest_405,Delhi,Italian,1.2127223556049305
406,Rest_406,Bangalore,Indian,3.0937849903188646
407,Rest_407,Bangalore,Indian,1.2795317964977155
408,Rest_408,Pune,Italian,1.0054632728497106
409,Rest_409,Delhi,Chinese,3.2509707644068557
410,Rest_410,Chennai,Chinese,1.0490267245176348
411,Rest_411,Delhi,Chinese,1.2120665758314775
412,Rest_412,Ahmedabad,Indian,4.474909784315658
413,Rest_413,Kolkata,Chinese,4.499538203437482
414,Rest_414,Noida,Chinese,1.5311187012738696
415,Rest_415,Lucknow,Indian,1.64808670143136
416,Rest_416,Ahmedabad,Italian,1.346498247587825
417,Rest_417,Chennai,Chinese,1.1894742340583035
418,Rest_418,Delhi,Indian,1.220478710301564
419,Rest_419,Hyderabad,Italian,1.7474573525005592
420,Rest_420,Hyderabad,Chinese,2.009566318461434
421,Rest_421,Noida,Chinese,2.1904296419167624
422,Rest_422,Jaipur,Indian,2.1801976022440654
423,Rest_423,Bangalore,Italian,1.0489802200914307
424,Rest_424,Chennai,Italian,1.4063881164454322
425,Rest_425,Delhi,Chinese,1.0300845159795715
426,Rest_426,Noida,Italian,1.489932262996335
427,Rest_427,Chennai,Italian,1.338136049120149
428,Rest_428,Delhi,Chinese,2.9841332378848544
429,Rest_429,Lucknow,Italian,1.241221294385934
430,Rest_430,Delhi,Italian,1.0642315493110095
431,Rest_431,Chennai,Italian,1.0802082290969224
432,Rest_432,Gurgaon,Italian,2.0476960304701706
433,Rest_433,Bangalore,Italian,1.6184240059094777
434,Rest_434,Mumbai,Italian,1.0547506160800575
435,Rest_435,Chennai,Indian,1.044906868961511
436,Rest_436,Jaipur,Chinese,1.8286979956144143
437,Rest_437,Kolkata,Indian,1.0384955141350687
438,Rest_438,Bangalore,Indian,2.36929614760188
439,Rest_439,Kolkata,Indian,1.8450380056802242
440,Rest_440,Lucknow,Italian,1.0433371513207919
441,Rest_441,Delhi,Italian,1.04532405088652
442,Rest_442,Pune,Indian,8.651470279678373
443,Rest_443,Kolkata,Italian,1.264173806325594
444,Rest_444,Kolkata,Chinese,1.26052415467842
445,Rest_445,Ahmedabad,Indian,2.3112481461982917
446,Rest_446,Pune,Indian,4.3539447314117705
447,Rest_447,Pune,Indian,8.451863670738275
448,Rest_448,Delhi,Indian,2.0136512472135086
449,Rest_449,Ahmedabad,Chinese,1.2661876048258056
450,Rest_450,Jaipur,Italian,1.0445613085538603
451,Rest_451,Noida,Italian,2.118315654335173
452,Rest_452,Kolkata,Indian,1.504830404454176
453,Rest_453,Kolkata,Indian,1.3178696912642638
454,Rest_454,Pune,Indian,3.267806085055973
455,Rest_455,Noida,Chinese,1.06071170643417
456,Rest_456,Bangalore,Indian,1.4038978614277147
457,Rest_457,Delhi,Indian,1.00572562380041
458,Rest_458,Jaipur,Indian,1.371873309178911
459,Rest_459,Delhi,Chinese,1.0293990810513716
460,Rest_460,Pune,Indian,1.0652883332504424
461,Rest_461,Bangalore,Indian,1.0645084209227138
462,Rest_462,Kolkata,Italian,1.688404825922255
463,Rest_463,Lucknow,Chinese,1.984364791804589
464,Rest_464,Jaipur,Chinese,1.549259211467178
465,Rest_465,Noida,Italian,5.141578351216659
466,Rest_466,Ahmedabad,Italian,1.2647801200892923
467,Rest_467,Ahmedabad,Chinese,1.1832141349416516
468,Rest_468,Noida,Chinese,2.7586771437437365
469,Rest_469,Kolkata,Chinese,1.1348960193917284
470,Rest_470,Ahmedabad,Indian,5.214457483991745
471,Rest_471,Jaipur,Italian,1.006133203722874
472,Rest_472,Bangalore,Chinese,5.761877989659205
473,Rest_473,Bangalore,Italian,1.0223046090789936
474,Rest_474,Delhi,Indian,3.0309030595749045
475,Rest_475,Lucknow,Chinese,1.455095632364716
476,Rest_476,Gurgaon,Italian,11.922344207001291
477,Rest_477,Chennai,Italian,1.0390747856100295
478,Rest_478,Delhi,Chinese,1.4971373207623624
479,Rest_479,Pune,Chinese,5.707537162830311
480,Rest_480,Jaipur,Italian,1.4480559990467003
481,Rest_481,Kolkata,Indian,1.6426555091006414
482,Rest_482,Chennai,Indian,1.8129414179954022
483,Rest_483,Bangalore,Italian,1.354000952334058
484,Rest_484,Delhi,Italian,1.6385915903633217
485,Rest_485,Lucknow,Indian,1.5510202355768499
486,Rest_486,Delhi,Indian,3.1807479856337335
487,Rest_487,Hyderabad,Indian,1.0235282538541863
488,Rest_488,Ahmedabad,Chinese,1.1793003783614744
489,Rest_489,Bangalore,Indian,4.4906524496813045
490,Rest_490,Delhi,Chinese,3.0187351351319904
491,Rest_491,Noida,Italian,1.3553878248487983
492,Rest_492,Bangalore,Indian,1.6224973143970327
493,Rest_493,Pune,Indian,1.1763738633290879
494,Rest_494,Ahmedabad,Chinese,1.1098247064299311
495,Rest_495,Jaipur,Indian,1.365511794516805
496,Rest_496,Jaipur,Indian,1.2435581760798162
497,Rest_497,Bangalore,Italian,1.5497937429362934
498,Rest_498,Jaipur,Chinese,1.0412908466621866
499,Rest_499,Noida,Indian,6.2493662665877
500,Rest_500,Noida,Chinese,8.515881123814442
501,Rest_501,Delhi,Italian,1.82017370884844
502,Rest_502,Hyderabad,Indian,1.4682030193732905
503,Rest_503,Mumbai,Indian,1.2034466530796808
504,Rest_504,Chennai,Indian,2.3174178815055266
505,Rest_505,Pune,Indian,1.7809818116604432
506,Rest_506,Hyderabad,Italian,1.0927930249157474
507,Rest_507,Noida,Chinese,3.3506372311434847
508,Rest_508,Mumbai,Chinese,2.3738123652593526
509,Rest_509,Gurgaon,Chinese,4.463214572226898
510,Rest_510,Mumbai,Chinese,1.909424718328764
511,Rest_511,Bangalore,Italian,1.6083390649173748
512,Rest_512,Jaipur,Indian,1.3110800370462035
513,Rest_513,Lucknow,Italian,3.8555326966396173
514,Rest_514,Lucknow,Italian,2.732443298357585
515,Rest_515,Kolkata,Italian,1.0234061935717909
516,Rest_516,Gurgaon,Italian,1.0134500574944585
517,Rest_517,Jaipur,Chinese,1.2663944927004769
518,Rest_518,Jaipur,Chinese,2.297505252666156
519,Rest_519,Gurgaon,Chinese,8.865237537168726
520,Rest_520,Mumbai,Italian,1.084918376323072
521,Rest_521,Jaipur,Chinese,1.5696647556215177
522,Rest_522,Gurgaon,Indian,1.2709146649655987
523,Rest_523,Delhi,Indian,5.765283203742936
524,Rest_524,Gurgaon,Italian,2.51672034553451
525,Rest_525,Chennai,Indian,2.487044414271358
526,Rest_526,Pune,Italian,1.3719152902123934
527,Rest_527,Mumbai,Indian,1.3072392467071334
528,Rest_528,Hyderabad,Indian,1.173152354914971
529,Rest_529,Jaipur,Indian,1.0294384731912045
530,Rest_530,Chennai,Indian,2.718861074480518
531,Rest_531,Mumbai,Italian,2.3118746208996472
532,Rest_532,Lucknow,Italian,59.51466774589408
533,Rest_533,Jaipur,Chinese,17.24352482204178
534,Rest_534,Bangalore,Chinese,1.4997910468739535
535,Rest_535,Gurgaon,Indian,2.080569272778591
536,Rest_536,Chennai,Chinese,4.254962043066851
537,Rest_537,Bangalore,Chinese,2.578959459613155
538,Rest_538,Chennai,Chinese,1.1526645039174443
539,Rest_539,Delhi,Chinese,1.3490672310791147
540,Rest_540,Jaipur,Italian,1.0715949779243208
541,Rest_541,Ahmedabad,Italian,4.665112236219153
542,Rest_542,Lucknow,Indian,1.593485652858352
543,Rest_543,Kolkata,Indian,1.1386027613069172
544,Rest_544,Gurgaon,Chinese,1.7452795957087153
545,Rest_545,Jaipur,Italian,1.6182336540228783
546,Rest_546,Jaipur,Indian,1.2482096331838717
547,Rest_547,Kolkata,Italian,1.0621228145288848
548,Rest_548,Chennai,Italian,1.7449408212570017
549,Rest_549,Bangalore,Indian,1.4438385288514195
550,Rest_550,Ahmedabad,Italian,2.095733351311664
551,Rest_551,Delhi,Italian,1.443621562384539
552,Rest_552,Bangalore,Italian,2.600971569112666
553,Rest_553,Kolkata,Indian,1.4938804441473004
554,Rest_554,Noida,Italian,1.5091661662010527
555,Rest_555,Hyderabad,Italian,2.847323190762032
556,Rest_556,Lucknow,Indian,1.2947578082363687
557,Rest_557,Gurgaon,Italian,1.0745951410808898
558,Rest_558,Lucknow,Chinese,1.01470964823269
559,Rest_559,Ahmedabad,Indian,2.020871241967489
560,Rest_560,Gurgaon,Italian,1.6228753502684912
561,Rest_561,Mumbai,Chinese,1.8382842686169834
562,Rest_562,Bangalore,Italian,1.1272045822400683
563,Rest_563,Hyderabad,Chinese,1.0760600574050148
564,Rest_564,Gurgaon,Italian,1.0073526369969894
565,Rest_565,Hyderabad,Indian,1.2409083239343628
566,Rest_566,Ahmedabad,Italian,1.5615808723220144
567,Rest_567,Kolkata,Chinese,1.2827304035017926
568,Rest_568,Kolkata,Indian,1.3333036122811708
569,Rest_569,Delhi,Indian,3.2301570601658187
570,Rest_570,Jaipur,Chinese,1.2386862066995998
571,Rest_571,Lucknow,Italian,1.4344227651519952
572,Rest_572,Kolkata,Indian,2.1499312585475514
573,Rest_573,Lucknow,Indian,1.2872910712745746
574,Rest_574,Lucknow,Indian,1.6266866853299897
575,Rest_575,Chennai,Indian,2.695463896533021
576,Rest_576,Pune,Italian,4.450850527486081
577,Rest_577,Gurgaon,Italian,1.0827898876691
578,Rest_578,Mumbai,Chinese,3.6907562450826834
579,Rest_579,Mumbai,Chinese,1.403194454370894
580,Rest_580,Lucknow,Indian,1.1610998786939382
581,Rest_581,Gurgaon,Chinese,1.3597399710164992
582,Rest_582,Chennai,Indian,7.076833407234009
583,Rest_583,Jaipur,Italian,1.4038881628394972
584,Rest_584,Ahmedabad,Chinese,1.2205578594172415
585,Rest_585,Kolkata,Chinese,1.651597724012589
586,Rest_586,Lucknow,Italian,1.1471885773802528
587,Rest_587,Kolkata,Italian,1.0402360436910156
588,Rest_588,Noida,Indian,1.0714229339818917
589,Rest_589,Chennai,Chinese,1.0709104901688546
590,Rest_590,Noida,Italian,1.0858683079688758
591,Rest_591,Noida,Italian,1.0775931970461867
592,Rest_592,Noida,Indian,1.6686952364810177
593,Rest_593,Delhi,Indian,1.105583421083996
594,Rest_594,Ahmedabad,Indian,1.236233995540159
595,Rest_595,Chennai,Italian,3.1126892481602195
596,Rest_596,Chennai,Indian,1.3787683088705724
597,Rest_597,Kolkata,Chinese,1.7343705320364051
598,Rest_598,Ahmedabad,Chinese,1.0991797925706164
599,Rest_599,Jaipur,Chinese,1.1126844182099478
600,Rest_600,Pune,Italian,1.0210827729419945
601,Rest_601,Bangalore,Indian,1.0969391080314976
602,Rest_602,Chennai,Italian,1.1773593117648204
603,Rest_603,Chennai,Chinese,1.1023077191632262
604,Rest_604,Delhi,Indian,1.0475383194199186
605,Rest_605,Hyderabad,Italian,1.0663889274815888
606,Rest_606,Mumbai,Italian,1.3618099651658753
607,Rest_607,Chennai,Italian,1.1224862635332646
608,Rest_608,Delhi,Chinese,1.2541907674020676
609,Rest_609,Pune,Indian,1.419071227327953
610,Rest_610,Kolkata,Chinese,1.797197877134961
611,Rest_611,Hyderabad,Italian,1.0202552744472246
612,Rest_612,Jaipur,Chinese,2.2327792767494326
613,Rest_613,Delhi,Italian,1.6393451202770575
614,Rest_614,Jaipur,Indian,1.0435701961568953
615,Rest_615,Mumbai,Italian,2.8124819486271675
616,Rest_616,Noida,Chinese,3.554970528938452
617,Rest_617,Pune,Chinese,1.032013154699613
618,Rest_618,Delhi,Italian,1.1759642173197578
619,Rest_619,Hyderabad,Chinese,2.271561752466394
620,Rest_620,Hyderabad,Chinese,1.9930748961081046
621,Rest_621,Chennai,Italian,1.1073721942263006
622,Rest_622,Kolkata,Indian,1.1246248524892697
623,Rest_623,Chennai,Italian,1.260353900592828
624,Rest_624,Mumbai,Chinese,1.3928211329231643
625,Rest_625,Delhi,Chinese,1.618501817002137
626,Rest_626,Hyderabad,Chinese,1.2587967211979163
627,Rest_627,Bangalore,Indian,1.3640327298307307
628,Rest_628,Hyderabad,Chinese,1.9899598650071886
629,Rest_629,Bangalore,Chinese,1.018862160960145
630,Rest_630,Jaipur,Chinese,1.1565810830355168
631,Rest_631,Ahmedabad,Chinese,1.8677713664430295
632,Rest_632,Mumbai,Italian,3.089111092411564
633,Rest_633,Hyderabad,Italian,1.4310229756477102
634,Rest_634,Bangalore,Indian,1.461940629164699
635,Rest_635,Lucknow,Italian,1.0583178030340399
636,Rest_636,Delhi,Indian,1.3452389066492991
637,Rest_637,Ahmedabad,Indian,1.4627283131973277
638,Rest_638,Gurgaon,Indian,1.1489476099699298
639,Rest_639,Ahmedabad,Italian,1.1698052780471304
640,Rest_640,Lucknow,Italian,1.2672288295375131
641,Rest_641,Kolkata,Indian,1.010189240743737
642,Rest_642,Chennai,Chinese,1.2145363276568075
643,Rest_643,Lucknow,Chinese,1.1261204187327603
644,Rest_644,Jaipur,Italian,1.2194191211033238
645,Rest_645,Jaipur,Chinese,1.0658595380628806
646,Rest_646,Bangalore,Indian,3.022365944412502
647,Rest_647,Delhi,Indian,1.5686249490062683
648,Rest_648,Gurgaon,Italian,1.7652926410682168
649,Rest_649,Chennai,Italian,2.177885639877416
650,Rest_650,Noida,Indian,1.4120156335435359
651,Rest_651,Gurgaon,Indian,1.0465154719416803
652,Rest_652,Delhi,Indian,1.4698041809031623
653,Rest_653,Pune,Italian,1.5557558876980044
654,Rest_654,Hyderabad,Indian,1.9820037430034159
655,Rest_655,Delhi,Indian,1.3264647554903473
656,Rest_656,Ahmedabad,Italian,1.0706247251367755
657,Rest_657,Noida,Indian,1.1816137514177183
658,Rest_658,Hyderabad,Indian,1.2530209714151928
659,Rest_659,Noida,Italian,1.6805351860520534
660,Rest_660,Chennai,Italian,1.5263677000216551
661,Rest_661,Pune,Italian,1.2462055564417334
662,Rest_662,Mumbai,Indian,8.611494547124508
663,Rest_663,Hyderabad,Italian,1.5926774076438537
664,Rest_664,Delhi,Italian,1.144991558372284
665,Rest_665,Mumbai,Indian,1.0551379348468426
666,Rest_666,Jaipur,Chinese,1.0864811228572748
667,Rest_667,Pune,Italian,1.1516013185156013
668,Rest_668,Chennai,Italian,1.0915322438984727
669,Rest_669,Delhi,Italian,1.108763990390717
670,Rest_670,Mumbai,Indian,1.1827035053302344
671,Rest_671,Bangalore,Indian,1.0998801472597046
672,Rest_672,Ahmedabad,Indian,3.1123427072107925
673,Rest_673,Pune,Indian,1.0427045393861774
674,Rest_674,Jaipur,Chinese,1.4502068117518623
675,Rest_675,Mumbai,Italian,1.3023271483584218
676,Rest_676,Delhi,Chinese,7.533208773693425
677,Rest_677,Mumbai,Indian,1.0612141454310469
678,Rest_678,Ahmedabad,Chinese,1.2886936062068532
679,Rest_679,Noida,Indian,5.72320997291786
680,Rest_680,Noida,Italian,2.72678165000002
681,Rest_681,Ahmedabad,Chinese,2.338083360463739
682,Rest_682,Ahmedabad,Chinese,1.1608326412018
683,Rest_683,Lucknow,Italian,1.098229970869673
684,Rest_684,Hyderabad,Indian,1.7372089946583409
685,Rest_685,Delhi,Chinese,3.762909824054332
686,Rest_686,Kolkata,Italian,1.5020415423053408
687,Rest_687,Kolkata,Chinese,1.5278534565246316
688,Rest_688,Mumbai,Indian,1.1784941923795995
689,Rest_689,Lucknow,Indian,2.0828494398009196
690,Rest_690,Mumbai,Chinese,1.1090890370936508
691,Rest_691,Hyderabad,Italian,1.2159721819052178
692,Rest_692,Pune,Italian,1.3192617172760195
693,Rest_693,Gurgaon,Chinese,1.4251007048907176
694,Rest_694,Hyderabad,Italian,1.14890152678298
695,Rest_695,Hyderabad,Chinese,1.0628900242144552
696,Rest_696,Pune,Indian,1.6025559585174387
697,Rest_697,Delhi,Indian,1.1856387800198367
698,Rest_698,Noida,Chinese,1.5453130854838262
699,Rest_699,Delhi,Indian,1.0874465968013056
700,Rest_700,Mumbai,Chinese,1.3882732226662629
701,Rest_701,Noida,Indian,1.462684760432809
702,Rest_702,Delhi,Indian,1.0269644610561772
703,Rest_703,Lucknow,Chinese,1.2277605276981254
704,Rest_704,Delhi,Indian,1.0748430634305695
705,Rest_705,Delhi,Indian,1.0332778516048964
706,Rest_706,Chennai,Chinese,9.980175303975045
707,Rest_707,Chennai,Italian,1.2147824548556458
708,Rest_708,Gurgaon,Italian,2.2933997116345126
709,Rest_709,Pune,Indian,1.1582895802007669
710,Rest_710,Mumbai,Italian,1.7719323522272434
711,Rest_711,Gurgaon,Indian,2.04221113670817
712,Rest_712,Lucknow,Italian,1.5725889863490785
713,Rest_713,Bangalore,Italian,1.3756527173677509
714,Rest_714,Hyderabad,Italian,1.3039249481555797
715,Rest_715,Chennai,Chinese,1.2392689519126818
716,Rest_716,Jaipur,Chinese,3.7669965923751736
717,Rest_717,Bangalore,Italian,2.4297868454201
718,Rest_718,Delhi,Chinese,5.347280932029314
719,Rest_719,Noida,Indian,1.0686159119748153
720,Rest_720,Jaipur,Italian,1.927599953633921
721,Rest_721,Kolkata,Italian,4.027168939259308
722,Rest_722,Kolkata,Italian,1.1051464994286457
723,Rest_723,Gurgaon,Italian,1.035003862646786
724,Rest_724,Ahmedabad,Chinese,1.965401551975031
725,Rest_725,Gurgaon,Chinese,1.5329800285274977
726,Rest_726,Gurgaon,Italian,2.514410973266637
727,Rest_727,Gurgaon,Chinese,1.078185055358462
728,Rest_728,Delhi,Indian,2.210071914539705
729,Rest_729,Ahmedabad,Chinese,1.1191728509596606
730,Rest_730,Gurgaon,Italian,1.0934716113021288
731,Rest_731,Delhi,Indian,1.0938705046272286
732,Rest_732,Hyderabad,Italian,2.322285061587077
733,Rest_733,Ahmedabad,Indian,1.7282456511490707
734,Rest_734,Ahmedabad,Italian,1.4480067827512384
735,Rest_735,Hyderabad,Italian,1.2488594575575864
736,Rest_736,Gurgaon,Italian,2.853657011458578
737,Rest_737,Lucknow,Indian,1.2829426373455055
738,Rest_738,Mumbai,Chinese,2.335068744119831
739,Rest_739,Ahmedabad,Chinese,1.3352752368897005
740,Rest_740,Hyderabad,Indian,1.2668832913246135
741,Rest_741,Pune,Chinese,1.3642168530370804
742,Rest_742,Delhi,Italian,1.1964066878249004
743,Rest_743,Pune,Chinese,1.9905055594946364
744,Rest_744,Chennai,Italian,1.4180765453342186
745,Rest_745,Ahmedabad,Chinese,1.141246704726972
746,Rest_746,Ahmedabad,Indian,3.15557245973634
747,Rest_747,Lucknow,Italian,1.2740054960852905
748,Rest_748,Gurgaon,Italian,1.4801466801711554
749,Rest_749,Hyderabad,Chinese,3.269862072496229
750,Rest_750,Delhi,Italian,1.6313365561599795
751,Rest_751,Ahmedabad,Italian,1.0641297276058814
752,Rest_752,Mumbai,Chinese,4.0767835909556345
753,Rest_753,Kolkata,Italian,1.6389215998278386
754,Rest_754,Noida,Chinese,1.2261916636208279
755,Rest_755,Jaipur,Italian,1.0778716586119315
756,Rest_756,Mumbai,Indian,2.2033979638749295
757,Rest_757,Lucknow,Italian,1.6223695305866512
758,Rest_758,Delhi,Chinese,1.4640505286145715
759,Rest_759,Gurgaon,Chinese,3.069920499293582
760,Rest_760,Ahmedabad,Chinese,2.1749267957505203
761,Rest_761,Kolkata,Indian,1.0857224957280567
762,Rest_762,Kolkata,Indian,1.2053636139001052
763,Rest_763,Ahmedabad,Italian,1.1535392319435576
764,Rest_764,Chennai,Indian,1.97621624869046
765,Rest_765,Lucknow,Chinese,1.0172000156273366
766,Rest_766,Jaipur,Indian,1.5247901258469043
767,Rest_767,Mumbai,Chinese,2.051778253617256
768,Rest_768,Pune,Chinese,2.848617167637055
769,Rest_769,Kolkata,Indian,1.23286076836557
770,Rest_770,Hyderabad,Italian,2.36529791375211
771,Rest_771,Bangalore,Chinese,1.0603742825543636
772,Rest_772,Delhi,Italian,2.55198625272769
773,Rest_773,Kolkata,Chinese,1.0705684994361802
774,Rest_774,Pune,Indian,1.2880858969086395
775,Rest_775,Noida,Indian,2.221100250986355
776,Rest_776,Ahmedabad,Chinese,1.0845996090401488
777,Rest_777,Noida,Chinese,1.1390521978726198
778,Rest_778,Mumbai,Indian,1.8974702446530964
779,Rest_779,Mumbai,Italian,1.8899456763676379
780,Rest_780,Gurgaon,Italian,1.6693295927605076
781,Rest_781,Delhi,Chinese,1.807601547286055
782,Rest_782,Hyderabad,Chinese,1.4788053274124444
783,Rest_783,Ahmedabad,Italian,1.1560879511083146
784,Rest_784,Pune,Indian,1.236261117574348
785,Rest_785,Mumbai,Italian,1.105392678784552
786,Rest_786,Chennai,Chinese,3.3050052759679835
787,Rest_787,Lucknow,Italian,1.549302031595618
788,Rest_788,Chennai,Italian,1.291911403335619
789,Rest_789,Chennai,Indian,1.3633620614878696
790,Rest_790,Lucknow,Chinese,4.355380026015427
791,Rest_791,Pune,Chinese,1.0867969314182229
792,Rest_792,Mumbai,Chinese,1.554606259983066
793,Rest_793,Ahmedabad,Italian,1.4226157014356766
794,Rest_794,Kolkata,Italian,1.6042753495209063
795,Rest_795,Noida,Chinese,1.009179970019507
796,Rest_796,Gurgaon,Italian,2.7964388300024106
797,Rest_797,Ahmedabad,Italian,3.8381645415043164
798,Rest_798,Ahmedabad,Italian,1.5164282467184746
799,Rest_799,Bangalore,Italian,1.8156351842411005
800,Rest_800,Jaipur,Italian,3.5920916994809025
801,Rest_801,Bangalore,Indian,1.8481751127212034
802,Rest_802,Mumbai,Italian,1.0862759149369172
803,Rest_803,Mumbai,Chinese,1.5362602821989395
804,Rest_804,Bangalore,Italian,1.5945800794735028
805,Rest_805,Lucknow,Indian,1.317765174253014
806,Rest_806,Pune,Indian,1.94788691549569
807,Rest_807,Kolkata,Chinese,3.903362818989411
808,Rest_808,Gurgaon,Indian,3.665402333487555
809,Rest_809,Delhi,Indian,1.3494298206399749
810,Rest_810,Pune,Chinese,1.061931428296306
811,Rest_811,Delhi,Italian,8.122085811789432
812,Rest_812,Gurgaon,Chinese,2.491435512517633
813,Rest_813,Lucknow,Chinese,1.0688389649453476
814,Rest_814,Ahmedabad,Italian,3.554285187064239
815,Rest_815,Mumbai,Chinese,2.7723961035379796
816,Rest_816,Delhi,Indian,1.4416318382495932
817,Rest_817,Jaipur,Chinese,1.5641724425256087
818,Rest_818,Ahmedabad,Chinese,1.2899228646031375
819,Rest_819,Noida,Chinese,1.0285592890881579
820,Rest_820,Delhi,Italian,1.226460579002786
821,Rest_821,Noida,Chinese,2.2521919804983104
822,Rest_822,Pune,Indian,1.002324088549811
823,Rest_823,Noida,Indian,1.2248972320764866
824,Rest_824,Pune,Chinese,1.289028775274383
825,Rest_825,Gurgaon,Indian,1.4702633171496358
826,Rest_826,Jaipur,Chinese,3.532347761361739
827,Rest_827,Kolkata,Italian,1.2368756407888655
828,Rest_828,Noida,Chinese,1.2374505350428175
829,Rest_829,Delhi,Indian,1.9518047860294017
830,Rest_830,Mumbai,Indian,1.3511267672617653
831,Rest_831,Ahmedabad,Chinese,1.1356341721202448
832,Rest_832,Gurgaon,Indian,1.3514001123718071
833,Rest_833,Hyderabad,Indian,1.0788654297825124
834,Rest_834,Bangalore,Chinese,1.101890401492781
835,Rest_835,Gurgaon,Indian,1.4119108806629983
836,Rest_836,Jaipur,Chinese,1.3118496765115883
837,Rest_837,Lucknow,Chinese,3.4268667770527497
838,Rest_838,Hyderabad,Indian,1.2523443709422089
839,Rest_839,Gurgaon,Indian,1.5441154033204247
840,Rest_840,Bangalore,Chinese,1.649043439653887
841,Rest_841,Noida,Italian,1.00661223736364
842,Rest_842,Noida,Italian,1.7239774610480085
843,Rest_843,Kolkata,Italian,1.1029951245613445
844,Rest_844,Gurgaon,Italian,5.0682679708809015
845,Rest_845,Pune,Italian,1.0838000737040527
846,Rest_846,Lucknow,Indian,1.3070210724423388
847,Rest_847,Hyderabad,Italian,1.0456165577271563
848,Rest_848,Mumbai,Chinese,17.886402862565717
849,Rest_849,Hyderabad,Italian,1.4173280339587406
850,Rest_850,Delhi,Chinese,1.5720958446765854
851,Rest_851,Gurgaon,Italian,1.0353256608747399
852,Rest_852,Kolkata,Italian,1.999841900345313
853,Rest_853,Ahmedabad,Italian,1.1250206815924408
854,Rest_854,Kolkata,Indian,3.1319550569908343
855,Rest_855,Pune,Chinese,1.1216428198963047
856,Rest_856,Kolkata,Indian,1.1115830993823057
857,Rest_857,Pune,Chinese,1.0187915509286527
858,Rest_858,Mumbai,Chinese,1.3762919591894518
859,Rest_859,Ahmedabad,Indian,1.5159192973088904
860,Rest_860,Delhi,Italian,1.034567505278588
861,Rest_861,Hyderabad,Indian,2.110661270645595
862,Rest_862,Delhi,Italian,1.3524494085309742
863,Rest_863,Noida,Chinese,1.4500221429216027
864,Rest_864,Hyderabad,Indian,1.3372171969438331
865,Rest_865,Hyderabad,Indian,1.2918161553792384
866,Rest_866,Pune,Chinese,1.5069409402066565
867,Rest_867,Jaipur,Chinese,1.0880112662403694
868,Rest_868,Chennai,Indian,1.105615886561295
869,Rest_869,Ahmedabad,Indian,2.6898210416903936
870,Rest_870,Bangalore,Chinese,4.307922867407487
871,Rest_871,Chennai,Italian,1.2632036756372633
872,Rest_872,Delhi,Chinese,1.1710088975620143
873,Rest_873,Mumbai,Indian,1.676002732699005
874,Rest_874,Hyderabad,Chinese,1.300494769265638
875,Rest_875,Hyderabad,Chinese,1.0129400819101961
876,Rest_876,Pune,Indian,1.0885992756804106
877,Rest_877,Jaipur,Indian,1.8763748234862592
878,Rest_878,Chennai,Chinese,1.7122784168444871
879,Rest_879,Lucknow,Chinese,1.0138296864107714
880,Rest_880,Pune,Indian,1.1337111861505746
881,Rest_881,Jaipur,Chinese,1.1404019517039954
882,Rest_882,Hyderabad,Chinese,1.7457903249687345
883,Rest_883,Bangalore,Chinese,1.0100033933965311
884,Rest_884,Delhi,Italian,1.0565068368731427
885,Rest_885,Lucknow,Indian,2.2355990280389397
886,Rest_886,Hyderabad,Indian,1.1033365925903647
887,Rest_887,Delhi,Chinese,1.6969788864106596
888,Rest_888,Pune,Indian,1.1457097467256667
889,Rest_889,Lucknow,Indian,1.0537655812931601
890,Rest_890,Delhi,Italian,1.1494801057579813
891,Rest_891,Mumbai,Italian,1.8975193095532463
892,Rest_892,Bangalore,Indian,2.63245841657124
893,Rest_893,Noida,Indian,2.4269261553849644
894,Rest_894,Gurgaon,Indian,1.2879750350092807
895,Rest_895,Hyderabad,Italian,1.7357479041717534
896,Rest_896,Noida,Italian,1.121533230746322
897,Rest_897,Kolkata,Indian,1.1894211905580792
898,Rest_898,Mumbai,Indian,3.105886911322115
899,Rest_899,Chennai,Indian,1.0065650502851018
900,Rest_900,Bangalore,Indian,1.0457073745040335
901,Rest_901,Lucknow,Chinese,1.1235857571928018
902,Rest_902,Pune,Indian,1.0135360616832672
903,Rest_903,Lucknow,Chinese,1.10528310043524
904,Rest_904,Gurgaon,Italian,1.5486512090249382
905,Rest_905,Hyderabad,Italian,1.3146798280072907
906,Rest_906,Chennai,Indian,3.052410207174209
907,Rest_907,Ahmedabad,Chinese,2.3404610772276215
908,Rest_908,Lucknow,Indian,1.232613118679079
909,Rest_909,Chennai,Chinese,1.1620237836456315
910,Rest_910,Delhi,Indian,1.269686353287788
911,Rest_911,Noida,Indian,1.5622996572875545
912,Rest_912,Lucknow,Chinese,1.1688622676707903
913,Rest_913,Lucknow,Italian,1.631143206675261
914,Rest_914,Kolkata,Italian,1.3012404731839637
915,Rest_915,Kolkata,Chinese,1.4941144396236983
916,Rest_916,Pune,Italian,1.3317084909723624
917,Rest_917,Bangalore,Chinese,1.1905316685383434
918,Rest_918,Jaipur,Indian,4.404530237033236
919,Rest_919,Ahmedabad,Chinese,2.056750380086233
920,Rest_920,Chennai,Chinese,1.0783986928566285
921,Rest_921,Hyderabad,Chinese,2.7573014443006585
922,Rest_922,Chennai,Italian,1.3967668385845804
923,Rest_923,Bangalore,Chinese,3.0795076956798413
924,Rest_924,Ahmedabad,Indian,2.2352592725775753
925,Rest_925,Jaipur,Italian,1.3190058509573295
926,Rest_926,Kolkata,Chinese,1.0114275965013644
927,Rest_927,Mumbai,Italian,1.1693526135145553
928,Rest_928,Delhi,Chinese,1.4770456020312597
929,Rest_929,Kolkata,Italian,1.6517720246464342
930,Rest_930,Lucknow,Chinese,1.1608207986771186
931,Rest_931,Mumbai,Indian,1.0779242590699059
932,Rest_932,Hyderabad,Indian,2.4613095447816256
933,Rest_933,Hyderabad,Chinese,8.006967351549045
934,Rest_934,Ahmedabad,Chinese,1.4520077785059886
935,Rest_935,Kolkata,Indian,1.0987546826767784
936,Rest_936,Chennai,Italian,1.172265540476964
937,Rest_937,Mumbai,Italian,1.0093241452102284
938,Rest_938,Hyderabad,Italian,3.415911143891946
939,Rest_939,Jaipur,Italian,1.0646440542368223
940,Rest_940,Chennai,Italian,1.536673990581332
941,Rest_941,Bangalore,Italian,1.1736759536890085
942,Rest_942,Ahmedabad,Indian,1.4976807691871041
943,Rest_943,Chennai,Indian,1.6937488335946191
944,Rest_944,Gurgaon,Chinese,2.423516528103123
945,Rest_945,Mumbai,Chinese,1.1225481822340087
946,Rest_946,Jaipur,Italian,1.0055436744239814
947,Rest_947,Ahmedabad,Indian,1.0763805124636319
948,Rest_948,Kolkata,Italian,3.1625724548844425
949,Rest_949,Lucknow,Chinese,2.8159527978454437
950,Rest_950,Hyderabad,Chinese,1.5760506907473883
951,Rest_951,Pune,Chinese,1.5821613562614236
952,Rest_952,Bangalore,Chinese,1.727831432010746
953,Rest_953,Bangalore,Chinese,1.1012115847212323
954,Rest_954,Jaipur,Italian,3.4181681550123333
955,Rest_955,Gurgaon,Chinese,1.3116748304685506
956,Rest_956,Gurgaon,Chinese,1.2732279893664389
957,Rest_957,Pune,Chinese,1.4417511718519287
958,Rest_958,Pune,Italian,1.0243439226036848
959,Rest_959,Noida,Chinese,1.0951932727902922
960,Rest_960,Kolkata,Indian,1.9537870091786835
961,Rest_961,Mumbai,Chinese,1.044161465388854
962,Rest_962,Noida,Chinese,1.5874057969063502
963,Rest_963,Mumbai,Indian,1.1511368471411225
964,Rest_964,Noida,Indian,1.2796301981093705
965,Rest_965,Noida,Italian,1.1856914374926582
966,Rest_966,Ahmedabad,Italian,1.2457954466386207
967,Rest_967,Bangalore,Chinese,1.8866108028642627
968,Rest_968,Pune,Italian,1.1927788701340079
969,Rest_969,Noida,Indian,1.5186499742365815
970,Rest_970,Jaipur,Italian,1.3815138537014473
971,Rest_971,Gurgaon,Chinese,1.7243203305176111
972,Rest_972,Chennai,Indian,3.978722642775304
973,Rest_973,Gurgaon,Chinese,1.933733587796555
974,Rest_974,Kolkata,Indian,1.1286224368690325
975,Rest_975,Ahmedabad,Chinese,1.0159659546703605
976,Rest_976,Lucknow,Chinese,1.1642587879347222
977,Rest_977,Lucknow,Chinese,1.5714996050523407
978,Rest_978,Mumbai,Italian,1.02674914286469
979,Rest_979,Delhi,Indian,1.4091025015692389
980,Rest_980,Delhi,Indian,1.5749356589672374
981,Rest_981,Pune,Indian,1.2255821296136176
982,Rest_982,Gurgaon,Indian,2.0892914295570844
983,Rest_983,Chennai,Chinese,1.0579779133656544
984,Rest_984,Chennai,Italian,1.039827935567861
985,Rest_985,Hyderabad,Italian,1.9180781191356824
986,Rest_986,Noida,Indian,1.4078801217822747
987,Rest_987,Delhi,Chinese,1.7914427985040005
988,Rest_988,Mumbai,Italian,1.3301769780237698
989,Rest_989,Kolkata,Indian,1.1519407479494517
990,Rest_990,Bangalore,Italian,2.3511671143788933
991,Rest_991,Jaipur,Chinese,2.2328097768723443
992,Rest_992,Gurgaon,Indian,1.8098146013799108
993,Rest_993,Gurgaon,Italian,1.172134924115373
994,Rest_994,Bangalore,Chinese,1.5621771227915486
995,Rest_995,Bangalore,Chinese,1.2509521580525587
996,Rest_996,Lucknow,Indian,1.0491972702922991
997,Rest_997,Jaipur,Chinese,3.4776261553935615
998,Rest_998,Pune,Indian,1.0763387379413327
999,Rest_999,Delhi,Italian,4.482788682583402
1000,Rest_1000,Noida,Indian,1.3435300373979202
1001,Rest_1001,Hyderabad,Indian,1.107787896619823
1002,Rest_1002,Chennai,Indian,1.477475551681405
1003,Rest_1003,Lucknow,Indian,2.8054694789411387
1004,Rest_1004,Jaipur,Italian,1.932479492584614
1005,Rest_1005,Jaipur,Italian,2.2736737446756976
1006,Rest_1006,Pune,Indian,1.7119256663437947
1007,Rest_1007,Lucknow,Italian,1.8026844554658814
1008,Rest_1008,Kolkata,Italian,2.5750938859783354
1009,Rest_1009,Ahmedabad,Chinese,1.1544450562945554
1010,Rest_1010,Pune,Indian,1.3994913274824645
1011,Rest_1011,Gurgaon,Italian,1.1331558917043882
1012,Rest_1012,Kolkata,Chinese,9.00499306682575
1013,Rest_1013,Bangalore,Italian,4.228011946874449
1014,Rest_1014,Hyderabad,Chinese,1.0203161707644537
1015,Rest_1015,Delhi,Chinese,1.842946743432942
1016,Rest_1016,Kolkata,Chinese,3.657543615309265
1017,Rest_1017,Kolkata,Chinese,1.104702880838022
1018,Rest_1018,Jaipur,Chinese,1.5213551121232136
1019,Rest_1019,Chennai,Chinese,3.4398663953250304
1020,Rest_1020,Kolkata,Italian,1.0174177114253025
1021,Rest_1021,Jaipur,Chinese,1.8179422479498393
1022,Rest_1022,Jaipur,Italian,1.1929717730673315
1023,Rest_1023,Chennai,Chinese,3.6368733243067406
1024,Rest_1024,Jaipur,Italian,5.87810811689636
1025,Rest_1025,Delhi,Indian,4.2358619632144245
1026,Rest_1026,Gurgaon,Italian,1.3790994347085073
1027,Rest_1027,Hyderabad,Italian,2.692325594435909
1028,Rest_1028,Delhi,Chinese,2.5363185417931016
1029,Rest_1029,Jaipur,Chinese,1.2118768344710957
1030,Rest_1030,Lucknow,Italian,2.417656713115196
1031,Rest_1031,Lucknow,Indian,1.0190337736780346
1032,Rest_1032,Gurgaon,Italian,1.5738176943724618
1033,Rest_1033,Delhi,Italian,1.139612304278652
1034,Rest_1034,Hyderabad,Indian,1.0663471013173906
1035,Rest_1035,Bangalore,Italian,1.040849983992415
1036,Rest_1036,Pune,Indian,1.8145526705700805
1037,Rest_1037,Bangalore,Indian,1.2307983286590862
1038,Rest_1038,Kolkata,Indian,1.9061170574932194
1039,Rest_1039,Noida,Italian,1.0343725052575046
1040,Rest_1040,Bangalore,Chinese,1.2085003257481233
1041,Rest_1041,Noida,Indian,1.4736049670440687
1042,Rest_1042,Gurgaon,Chinese,2.185945956003488
1043,Rest_1043,Pune,Italian,1.2115672912993258
1044,Rest_1044,Mumbai,Italian,1.6349374442195344
1045,Rest_1045,Pune,Indian,2.961455378311774
1046,Rest_1046,Pune,Italian,1.6134556648983371
1047,Rest_1047,Noida,Chinese,1.1418021202502409
1048,Rest_1048,Lucknow,Chinese,1.0124283042479696
1049,Rest_1049,Delhi,Indian,2.7745563018441257
1050,Rest_1050,Bangalore,Italian,1.010807414799345
1051,Rest_1051,Noida,Indian,2.825057965932589
1052,Rest_1052,Ahmedabad,Indian,1.4570033992165958
1053,Rest_1053,Delhi,Indian,4.051130270813636
1054,Rest_1054,Chennai,Indian,2.22929693842007
1055,Rest_1055,Bangalore,Italian,22.001204578413912
1056,Rest_1056,Bangalore,Italian,1.2410270568272228
1057,Rest_1057,Jaipur,Italian,2.072514552168731
1058,Rest_1058,Bangalore,Indian,1.2930768084488695
1059,Rest_1059,Gurgaon,Italian,1.3865846706897567
1060,Rest_1060,Pune,Italian,1.638475856318911
1061,Rest_1061,Lucknow,Chinese,2.8135781379587064
1062,Rest_1062,Kolkata,Chinese,7.926396497386052
1063,Rest_1063,Bangalore,Italian,2.0773614507896623
1064,Rest_1064,Jaipur,Indian,1.3105437098540942
1065,Rest_1065,Gurgaon,Chinese,1.3146030907099662
1066,Rest_1066,Gurgaon,Chinese,1.9521061916804467
1067,Rest_1067,Pune,Indian,1.14615694597687
1068,Rest_1068,Hyderabad,Italian,1.0602803293279777
1069,Rest_1069,Hyderabad,Chinese,1.244781068422751
1070,Rest_1070,Jaipur,Chinese,1.1844808214327371
1071,Rest_1071,Hyderabad,Indian,1.192089136590417
1072,Rest_1072,Lucknow,Chinese,1.1422849322736501
1073,Rest_1073,Hyderabad,Italian,1.0217352327605294
1074,Rest_1074,Bangalore,Italian,1.0090585842855897
1075,Rest_1075,Gurgaon,Italian,9.024914130576798
1076,Rest_1076,Hyderabad,Italian,1.321952583376262
1077,Rest_1077,Noida,Italian,1.2744559271419746
1078,Rest_1078,Kolkata,Indian,1.7667935045006975
1079,Rest_1079,Delhi,Chinese,1.1310117973375906
1080,Rest_1080,Delhi,Indian,4.470401058543381
1081,Rest_1081,Mumbai,Indian,2.1634331710688417
1082,Rest_1082,Noida,Indian,1.0479457500300722
1083,Rest_1083,Gurgaon,Chinese,1.3103344199212554
1084,Rest_1084,Bangalore,Indian,2.8762043189059807
1085,Rest_1085,Pune,Indian,4.253664307909986
1086,Rest_1086,Lucknow,Italian,1.3702507078803867
1087,Rest_1087,Pune,Italian,1.6083311462674712
1088,Rest_1088,Ahmedabad,Chinese,1.0956865955064452
1089,Rest_1089,Kolkata,Italian,10.641083836372522
1090,Rest_1090,Noida,Chinese,1.1408448478182638
1091,Rest_1091,Hyderabad,Chinese,4.178718688721714
1092,Rest_1092,Delhi,Chinese,1.6894559089539556
1093,Rest_1093,Chennai,Chinese,1.5966554719671862
1094,Rest_1094,Hyderabad,Indian,1.4325067423485227
1095,Rest_1095,Mumbai,Chinese,1.1401017513869884
1096,Rest_1096,Bangalore,Indian,1.1019847641629423
1097,Rest_1097,Ahmedabad,Italian,1.1326300988062583
1098,Rest_1098,Ahmedabad,Indian,1.1086762452273384
1099,Rest_1099,Delhi,Italian,2.129996590011317
1100,Rest_1100,Gurgaon,Indian,1.2404668746101342
1101,Rest_1101,Mumbai,Italian,1.030239710872094
1102,Rest_1102,Kolkata,Chinese,5.689043364538627
1103,Rest_1103,Mumbai,Chinese,2.933395087094408
1104,Rest_1104,Kolkata,Indian,3.7203854440274746
1105,Rest_1105,Hyderabad,Chinese,14.013552323985865
1106,Rest_1106,Gurgaon,Indian,1.100227358825287
1107,Rest_1107,Delhi,Indian,1.286970397838451
1108,Rest_1108,Kolkata,Chinese,2.0337914038893987
1109,Rest_1109,Hyderabad,Chinese,1.813752132961112
1110,Rest_1110,Delhi,Italian,1.087146574719524
1111,Rest_1111,Pune,Italian,2.33020559409328
1112,Rest_1112,Chennai,Indian,1.1355139111602288
1113,Rest_1113,Bangalore,Italian,1.135058143057609
1114,Rest_1114,Jaipur,Chinese,1.4695944702386734
1115,Rest_1115,Lucknow,Chinese,1.5673671891078642
1116,Rest_1116,Kolkata,Italian,1.5431918830290854
1117,Rest_1117,Jaipur,Indian,1.049142277200589
1118,Rest_1118,Ahmedabad,Indian,2.8566865540040314
1119,Rest_1119,Noida,Italian,1.1669001038582858
1120,Rest_1120,Jaipur,Indian,1.071813775297367
1121,Rest_1121,Mumbai,Italian,2.998100883077039
1122,Rest_1122,Mumbai,Chinese,4.748544625073077
1123,Rest_1123,Bangalore,Indian,2.6931550631168966
1124,Rest_1124,Mumbai,Italian,2.291241326936399
1125,Rest_1125,Lucknow,Italian,1.7031104412896065
1126,Rest_1126,Gurgaon,Indian,1.4921341204209286
1127,Rest_1127,Bangalore,Indian,1.0465535669676316
1128,Rest_1128,Ahmedabad,Italian,1.3001858944237195
1129,Rest_1129,Pune,Chinese,1.2625784758381537
1130,Rest_1130,Bangalore,Indian,1.1622830434110676
1131,Rest_1131,Kolkata,Italian,1.9014709863972477
1132,Rest_1132,Jaipur,Chinese,1.4084168074671246
1133,Rest_1133,Kolkata,Chinese,1.0431653782557233
1134,Rest_1134,Mumbai,Indian,1.1324100289577117
1135,Rest_1135,Hyderabad,Indian,1.7768374379267373
1136,Rest_1136,Delhi,Chinese,1.0403866470771919
1137,Rest_1137,Kolkata,Italian,2.592439466870159
1138,Rest_1138,Ahmedabad,Italian,1.407399284486083
1139,Rest_1139,Gurgaon,Chinese,1.3875333032847608
1140,Rest_1140,Delhi,Chinese,1.566343681883539
1141,Rest_1141,Chennai,Chinese,2.3882812296878275
1142,Rest_1142,Kolkata,Indian,1.238262350969379
1143,Rest_1143,Hyderabad,Indian,1.7623126443244694
1144,Rest_1144,Hyderabad,Indian,1.5174733325481802
1145,Rest_1145,Ahmedabad,Italian,1.1680364286128482
1146,Rest_1146,Ahmedabad,Indian,2.870412414041378
1147,Rest_1147,Noida,Indian,2.2218164162984837
1148,Rest_1148,Kolkata,Chinese,1.7110946034329324
1149,Rest_1149,Delhi,Chinese,2.587010234365343
1150,Rest_1150,Chennai,Indian,2.7450802763621778
1151,Rest_1151,Bangalore,Italian,1.8517343019362698
1152,Rest_1152,Pune,Indian,2.4769882957152873
1153,Rest_1153,Hyderabad,Indian,1.8180960591687108
1154,Rest_1154,Mumbai,Chinese,1.7681559120295869
1155,Rest_1155,Ahmedabad,Italian,1.6192583074704194
1156,Rest_1156,Ahmedabad,Chinese,2.010955929463186
1157,Rest_1157,Gurgaon,Italian,1.0901846523624779
1158,Rest_1158,Chennai,Italian,2.897282298125362
1159,Rest_1159,Jaipur,Chinese,2.7933781254784615
1160,Rest_1160,Chennai,Chinese,1.0149524415411522
1161,Rest_1161,Lucknow,Italian,2.396055127525333
1162,Rest_1162,Chennai,Indian,1.0714168738655627
1163,Rest_1163,Kolkata,Chinese,1.2263882789577658
1164,Rest_1164,Kolkata,Indian,1.97452803777486
1165,Rest_1165,Pune,Chinese,1.091583306848542
1166,Rest_1166,Mumbai,Chinese,2.343823830091039
1167,Rest_1167,Kolkata,Chinese,2.4407250541552403
1168,Rest_1168,Bangalore,Indian,1.4248943243997692
1169,Rest_1169,Noida,Chinese,1.0032083099535247
1170,Rest_1170,Kolkata,Chinese,1.1843139613338438
1171,Rest_1171,Lucknow,Chinese,1.6156942608518825
1172,Rest_1172,Bangalore,Chinese,7.290570012560557
1173,Rest_1173,Bangalore,Italian,1.6480336905027182
1174,Rest_1174,Noida,Chinese,1.1623221395124193
1175,Rest_1175,Delhi,Italian,1.6529618907423147
1176,Rest_1176,Delhi,Chinese,1.4743961312021214
1177,Rest_1177,Jaipur,Indian,2.1312584248799618
1178,Rest_1178,Mumbai,Chinese,1.0582043991158774
1179,Rest_1179,Hyderabad,Italian,2.04562678807123
1180,Rest_1180,Ahmedabad,Chinese,1.4764536199257934
1181,Rest_1181,Lucknow,Chinese,5.198190783951368
1182,Rest_1182,Mumbai,Italian,1.2326644487287333
1183,Rest_1183,Jaipur,Chinese,1.649845832456798
1184,Rest_1184,Noida,Indian,3.835617687859886
1185,Rest_1185,Delhi,Chinese,1.055565348583476
1186,Rest_1186,Noida,Chinese,3.991339797639505
1187,Rest_1187,Lucknow,Indian,1.789959406708405
1188,Rest_1188,Pune,Italian,1.0357479525005377
1189,Rest_1189,Hyderabad,Italian,1.1960520901463978
1190,Rest_1190,Pune,Indian,1.8511285822730323
1191,Rest_1191,Noida,Italian,1.03547780102729
1192,Rest_1192,Noida,Chinese,1.547036034623462
1193,Rest_1193,Pune,Indian,1.2364378770510633
1194,Rest_1194,Gurgaon,Italian,1.6241719151793912
1195,Rest_1195,Lucknow,Italian,1.0236867991617846
1196,Rest_1196,Lucknow,Italian,2.7900413665351196
1197,Rest_1197,Noida,Italian,6.141673042732615
1198,Rest_1198,Ahmedabad,Italian,5.668462019875518
1199,Rest_1199,Jaipur,Chinese,1.9986087799391623
1200,Rest_1200,Ahmedabad,Chinese,1.0721656762168135
1201,Rest_1201,Gurgaon,Chinese,2.0338953899082317
1202,Rest_1202,Kolkata,Indian,1.0125248988381264
1203,Rest_1203,Delhi,Indian,1.0112487708027822
1204,Rest_1204,Noida,Italian,1.2159101428227954
1205,Rest_1205,Noida,Chinese,1.398421132139591
1206,Rest_1206,Lucknow,Indian,2.0869933908923213
1207,Rest_1207,Noida,Chinese,1.7769401414711294
1208,Rest_1208,Delhi,Italian,1.3434050778563618
1209,Rest_1209,Gurgaon,Italian,1.173329672934817
1210,Rest_1210,Hyderabad,Italian,18.648475140217233
1211,Rest_1211,Kolkata,Chinese,1.3201176944095416
1212,Rest_1212,Ahmedabad,Italian,1.350103186821935
1213,Rest_1213,Chennai,Indian,1.0934506132890314
1214,Rest_1214,Gurgaon,Chinese,2.207605293247114
1215,Rest_1215,Mumbai,Indian,1.8068158894665183
1216,Rest_1216,Bangalore,Chinese,1.1328360471409495
1217,Rest_1217,Kolkata,Indian,1.0439238314850348
1218,Rest_1218,Delhi,Chinese,1.7691477091592458
1219,Rest_1219,Jaipur,Chinese,1.701308306627084
1220,Rest_1220,Chennai,Italian,1.1730332604942113
1221,Rest_1221,Lucknow,Italian,4.511263200918884
1222,Rest_1222,Ahmedabad,Indian,1.0853278872801504
1223,Rest_1223,Pune,Indian,1.327253455858314
1224,Rest_1224,Gurgaon,Italian,4.211354021944186
1225,Rest_1225,Mumbai,Chinese,1.3127557732390107
1226,Rest_1226,Gurgaon,Indian,1.6632649513960005
1227,Rest_1227,Pune,Indian,1.2884141892655512
1228,Rest_1228,Gurgaon,Italian,1.1738053007652278
1229,Rest_1229,Kolkata,Indian,7.900177792234607
1230,Rest_1230,Noida,Chinese,1.3011549432242253
1231,Rest_1231,Delhi,Italian,3.0729138658644466
1232,Rest_1232,Gurgaon,Chinese,1.1395721742710523
1233,Rest_1233,Noida,Italian,1.127305239275419
1234,Rest_1234,Bangalore,Chinese,1.0159402359555667
1235,Rest_1235,Jaipur,Italian,1.6943478701680024
1236,Rest_1236,Bangalore,Indian,1.2584106389665077
1237,Rest_1237,Hyderabad,Italian,2.715209269479384
1238,Rest_1238,Jaipur,Indian,1.3777842010983368
1239,Rest_1239,Gurgaon,Indian,5.607142158645955
1240,Rest_1240,Chennai,Chinese,1.1080548482498076
1241,Rest_1241,Delhi,Indian,2.758929528121166
1242,Rest_1242,Chennai,Chinese,2.1157061891297633
1243,Rest_1243,Gurgaon,Indian,2.089335393666385
1244,Rest_1244,Delhi,Indian,2.5382282681247403
1245,Rest_1245,Hyderabad,Indian,2.0456100465943186
1246,Rest_1246,Mumbai,Italian,1.6356567002073035
1247,Rest_1247,Chennai,Chinese,1.0728803986213893
1248,Rest_1248,Lucknow,Italian,1.01667089064462
1249,Rest_1249,Kolkata,Chinese,3.554419116565659
1250,Rest_1250,Kolkata,Indian,1.6151112580179734
1251,Rest_1251,Chennai,Indian,2.2169586285757785
1252,Rest_1252,Bangalore,Italian,1.3887848832872367
1253,Rest_1253,Pune,Indian,1.064376926150291
1254,Rest_1254,Chennai,Chinese,1.0691584829954828
1255,Rest_1255,Noida,Indian,1.7833424911882283
1256,Rest_1256,Mumbai,Italian,1.3248879104356064
1257,Rest_1257,Ahmedabad,Italian,1.1184008331506112
1258,Rest_1258,Mumbai,Chinese,1.4024742619628257
1259,Rest_1259,Gurgaon,Italian,1.0337381719425167
1260,Rest_1260,Hyderabad,Chinese,1.5466676543565934
1261,Rest_1261,Lucknow,Italian,1.1696053664796309
1262,Rest_1262,Mumbai,Italian,2.222546576553896
1263,Rest_1263,Hyderabad,Indian,1.2041744140827586
1264,Rest_1264,Hyderabad,Chinese,1.354844590773288
1265,Rest_1265,Delhi,Indian,1.0058614042239944
1266,Rest_1266,Lucknow,Chinese,1.0383185346781456
1267,Rest_1267,Chennai,Italian,1.2829937940277174
1268,Rest_1268,Hyderabad,Indian,1.3866689391169846
1269,Rest_1269,Kolkata,Italian,1.5811794434355817
1270,Rest_1270,Chennai,Chinese,1.1881736229629953
1271,Rest_1271,Jaipur,Italian,1.8106611542928785
1272,Rest_1272,Pune,Italian,2.6737814723271627
1273,Rest_1273,Lucknow,Italian,2.131285501164373
1274,Rest_1274,Gurgaon,Italian,1.0204181642136336
1275,Rest_1275,Gurgaon,Indian,1.387426955753991
1276,Rest_1276,Jaipur,Chinese,1.0569916164553699
1277,Rest_1277,Mumbai,Chinese,1.1486250764449557
1278,Rest_1278,Mumbai,Indian,8.658931465576865
1279,Rest_1279,Gurgaon,Chinese,1.0798956877842751
1280,Rest_1280,Noida,Indian,1.4126437914367216
1281,Rest_1281,Pune,Indian,1.6182919116596188
1282,Rest_1282,Hyderabad,Chinese,1.8332890659417937
1283,Rest_1283,Mumbai,Indian,1.5069552312736578
1284,Rest_1284,Pune,Italian,1.0049215187766378
1285,Rest_1285,Kolkata,Indian,1.218480898841126
1286,Rest_1286,Jaipur,Italian,1.4399473447684652
1287,Rest_1287,Gurgaon,Chinese,1.0470581380309065
1288,Rest_1288,Pune,Indian,1.2409459423727416
1289,Rest_1289,Noida,Italian,1.017026753336589
1290,Rest_1290,Gurgaon,Indian,1.041767557264509
1291,Rest_1291,Lucknow,Italian,1.2876970968452444
1292,Rest_1292,Lucknow,Chinese,1.073789792458468
1293,Rest_1293,Hyderabad,Italian,1.5206436542347301
1294,Rest_1294,Jaipur,Chinese,1.7945051142850783
1295,Rest_1295,Noida,Indian,2.2393549587545194
1296,Rest_1296,Delhi,Chinese,1.1181389898976506
1297,Rest_1297,Gurgaon,Italian,1.095981783581107
1298,Rest_1298,Gurgaon,Chinese,1.0567777381259005
1299,Rest_1299,Mumbai,Italian,1.6584643060593622
1300,Rest_1300,Chennai,Chinese,1.8457717260794966
1301,Rest_1301,Chennai,Italian,1.0161773320730336
1302,Rest_1302,Noida,Chinese,3.959417930536522
1303,Rest_1303,Delhi,Italian,1.027044482277495
1304,Rest_1304,Bangalore,Chinese,1.4765015087563467
1305,Rest_1305,Ahmedabad,Italian,1.8539527882815452
1306,Rest_1306,Gurgaon,Chinese,2.783897087876646
1307,Rest_1307,Delhi,Chinese,1.870178229908015
1308,Rest_1308,Bangalore,Chinese,2.24579131133565
1309,Rest_1309,Ahmedabad,Chinese,1.2304025282334075
1310,Rest_1310,Hyderabad,Italian,2.3238546283171666
1311,Rest_1311,Delhi,Chinese,1.0426371500921254
1312,Rest_1312,Delhi,Italian,3.083376181284902
1313,Rest_1313,Jaipur,Italian,1.486740056403788
1314,Rest_1314,Ahmedabad,Italian,2.3395270763801133
1315,Rest_1315,Gurgaon,Indian,1.3512505350900281
1316,Rest_1316,Noida,Indian,1.6750106121351664
1317,Rest_1317,Jaipur,Chinese,1.4530995664456967
1318,Rest_1318,Lucknow,Italian,1.9301909145749272
1319,Rest_1319,Bangalore,Indian,1.043496872018855
1320,Rest_1320,Lucknow,Indian,1.0316144637878992
1321,Rest_1321,Bangalore,Indian,1.1524770457492806
1322,Rest_1322,Jaipur,Indian,1.090793860196718
1323,Rest_1323,Kolkata,Italian,2.7927248794171544
1324,Rest_1324,Ahmedabad,Indian,1.131706962353573
1325,Rest_1325,Delhi,Chinese,6.436927980971845
1326,Rest_1326,Kolkata,Indian,1.2280303718128411
1327,Rest_1327,Mumbai,Chinese,1.1057441552676701
1328,Rest_1328,Jaipur,Indian,2.180614131439418
1329,Rest_1329,Hyderabad,Indian,1.7117360726624977
1330,Rest_1330,Lucknow,Italian,1.4116688052385533
1331,Rest_1331,Mumbai,Chinese,1.4996760971505227
1332,Rest_1332,Jaipur,Chinese,1.8871343657467154
1333,Rest_1333,Ahmedabad,Chinese,1.1384639856268877
1334,Rest_1334,Chennai,Chinese,16.51576890974485
1335,Rest_1335,Gurgaon,Chinese,6.298553406057125
1336,Rest_1336,Delhi,Chinese,1.6910955021750957
1337,Rest_1337,Lucknow,Chinese,1.1177144036971312
1338,Rest_1338,Delhi,Italian,1.7683977270198803
1339,Rest_1339,Gurgaon,Italian,1.0381794869343446
1340,Rest_1340,Jaipur,Chinese,1.0156878404155631
1341,Rest_1341,Noida,Indian,1.1606606589456865
1342,Rest_1342,Pune,Chinese,1.3641447165035334
1343,Rest_1343,Noida,Italian,2.7552549043656374
1344,Rest_1344,Kolkata,Indian,1.914490422687416
1345,Rest_1345,Kolkata,Indian,1.971449289806303
1346,Rest_1346,Delhi,Chinese,1.3193270417002452
1347,Rest_1347,Lucknow,Italian,1.2364869653375297
1348,Rest_1348,Pune,Chinese,1.2609215282565227
1349,Rest_1349,Gurgaon,Italian,8.998266482768734
1350,Rest_1350,Noida,Chinese,1.0206787743504566
1351,Rest_1351,Lucknow,Chinese,2.7423672187983574
1352,Rest_1352,Noida,Chinese,1.5406060387626674
1353,Rest_1353,Gurgaon,Italian,1.3346572809665984
1354,Rest_1354,Noida,Chinese,1.9078191506220203
1355,Rest_1355,Noida,Chinese,1.3957294080816718
1356,Rest_1356,Gurgaon,Chinese,2.8107551127199755
1357,Rest_1357,Mumbai,Italian,3.1734338650944713
1358,Rest_1358,Chennai,Indian,1.3150166809429782
1359,Rest_1359,Mumbai,Italian,1.1759236848580736
1360,Rest_1360,Lucknow,Italian,1.5662332940629937
1361,Rest_1361,Chennai,Italian,3.3779802434065482
1362,Rest_1362,Bangalore,Italian,1.125559729743071
1363,Rest_1363,Noida,Chinese,1.628583679553654
1364,Rest_1364,Chennai,Chinese,1.64746707128239
1365,Rest_1365,Bangalore,Indian,1.935692236685659
1366,Rest_1366,Gurgaon,Chinese,1.0730797818064708
1367,Rest_1367,Mumbai,Chinese,1.875888576374676
1368,Rest_1368,Kolkata,Italian,3.315560214396074
1369,Rest_1369,Ahmedabad,Italian,1.104101939824935
1370,Rest_1370,Gurgaon,Italian,1.1452292048067163
1371,Rest_1371,Bangalore,Italian,5.912616865340069
1372,Rest_1372,Ahmedabad,Italian,1.1049736929238436
1373,Rest_1373,Gurgaon,Indian,2.6205779469313564
1374,Rest_1374,Gurgaon,Chinese,1.403417693393845
1375,Rest_1375,Pune,Italian,1.1525749023814609
1376,Rest_1376,Pune,Indian,2.781535187141087
1377,Rest_1377,Bangalore,Indian,1.3426814046514384
1378,Rest_1378,Noida,Indian,1.4356460178321004
1379,Rest_1379,Lucknow,Italian,1.249252009228764
1380,Rest_1380,Ahmedabad,Chinese,1.5673882064658158
1381,Rest_1381,Jaipur,Indian,1.0933852843893073
1382,Rest_1382,Noida,Italian,1.2815053648312467
1383,Rest_1383,Bangalore,Italian,5.717770867236812
1384,Rest_1384,Ahmedabad,Chinese,1.1610130468064512
1385,Rest_1385,Lucknow,Indian,1.7068143711916386
1386,Rest_1386,Lucknow,Italian,1.217332637176938
1387,Rest_1387,Noida,Italian,2.1010681228583854
1388,Rest_1388,Pune,Indian,1.0726512524533558
1389,Rest_1389,Mumbai,Chinese,5.756359405425019
1390,Rest_1390,Gurgaon,Indian,1.3530691561595365
1391,Rest_1391,Pune,Chinese,1.1441096905956114
1392,Rest_1392,Noida,Indian,1.0389066491720405
1393,Rest_1393,Kolkata,Indian,1.097482554372063
1394,Rest_1394,Hyderabad,Indian,1.4430359209350578
1395,Rest_1395,Delhi,Chinese,1.2281298189596046
1396,Rest_1396,Hyderabad,Indian,2.417429878324855
1397,Rest_1397,Hyderabad,Indian,1.3255647503952732
1398,Rest_1398,Ahmedabad,Italian,1.1537120556936158
1399,Rest_1399,Hyderabad,Italian,1.6161543324406507
1400,Rest_1400,Hyderabad,Indian,1.8467203895456952
1401,Rest_1401,Mumbai,Indian,1.0956918320402496
1402,Rest_1402,Delhi,Indian,1.096071731754626
1403,Rest_1403,Ahmedabad,Chinese,1.0188559335347083
1404,Rest_1404,Lucknow,Indian,1.9477309124670226
1405,Rest_1405,Noida,Chinese,1.724662298915614
1406,Rest_1406,Pune,Italian,1.379646193557439
1407,Rest_1407,Ahmedabad,Chinese,2.533232728339569
1408,Rest_1408,Chennai,Italian,2.26845540277823
1409,Rest_1409,Gurgaon,Chinese,1.5529642234097414
1410,Rest_1410,Chennai,Indian,2.7552420943036
1411,Rest_1411,Jaipur,Chinese,1.122138146995148
1412,Rest_1412,Chennai,Indian,1.0611428743970361
1413,Rest_1413,Kolkata,Chinese,1.1702107992312334
1414,Rest_1414,Delhi,Chinese,1.02982671823478
1415,Rest_1415,Delhi,Chinese,1.460468130151127
1416,Rest_1416,Hyderabad,Chinese,3.9716856545290846
1417,Rest_1417,Kolkata,Chinese,1.0202719487732466
1418,Rest_1418,Pune,Chinese,1.0672838252484593
1419,Rest_1419,Gurgaon,Italian,1.3511034435086273
1420,Rest_1420,Ahmedabad,Indian,3.8888143893211717
1421,Rest_1421,Chennai,Indian,1.2092650828364568
1422,Rest_1422,Gurgaon,Italian,1.4245575180977608
1423,Rest_1423,Ahmedabad,Indian,1.0214578448161757
1424,Rest_1424,Lucknow,Italian,1.083596743179435
1425,Rest_1425,Gurgaon,Italian,8.648410460509304
1426,Rest_1426,Delhi,Italian,5.354311659048907
1427,Rest_1427,Hyderabad,Chinese,1.0024791795827548
1428,Rest_1428,Chennai,Chinese,4.555432147096476
1429,Rest_1429,Noida,Italian,1.6646332131869235
1430,Rest_1430,Noida,Indian,2.7515579636285756
1431,Rest_1431,Lucknow,Indian,1.3542477505792565
1432,Rest_1432,Ahmedabad,Italian,1.4367994479572461
1433,Rest_1433,Kolkata,Chinese,1.3986993229612594
1434,Rest_1434,Jaipur,Italian,1.732564392072738
1435,Rest_1435,Ahmedabad,Chinese,1.078109158004404
1436,Rest_1436,Lucknow,Chinese,1.0153323430336534
1437,Rest_1437,Delhi,Chinese,1.2020567452278381
1438,Rest_1438,Lucknow,Italian,1.84015383438548
1439,Rest_1439,Bangalore,Chinese,1.1193313825956728
1440,Rest_1440,Lucknow,Chinese,1.7499009820798972
1441,Rest_1441,Mumbai,Italian,5.7650578889246455
1442,Rest_1442,Delhi,Italian,1.0505388225310028
1443,Rest_1443,Kolkata,Italian,1.74768060791167
1444,Rest_1444,Kolkata,Indian,1.3408033106174866
1445,Rest_1445,Jaipur,Chinese,2.7538937273669744
1446,Rest_1446,Bangalore,Chinese,1.1024010233055512
1447,Rest_1447,Noida,Italian,1.803708707375842
1448,Rest_1448,Pune,Italian,2.485404519478001
1449,Rest_1449,Gurgaon,Chinese,4.249138233085182
1450,Rest_1450,Jaipur,Indian,1.7768073273503773
1451,Rest_1451,Kolkata,Indian,1.4102349282703335
1452,Rest_1452,Noida,Italian,1.617638593956085
1453,Rest_1453,Ahmedabad,Chinese,2.7618933880203547
1454,Rest_1454,Bangalore,Chinese,1.526068081219483
1455,Rest_1455,Ahmedabad,Chinese,1.0155488028821409
1456,Rest_1456,Delhi,Chinese,3.805520416274103
1457,Rest_1457,Kolkata,Chinese,1.7946836520668756
1458,Rest_1458,Hyderabad,Chinese,1.758214441043451
1459,Rest_1459,Gurgaon,Italian,1.1291509730204052
1460,Rest_1460,Jaipur,Italian,1.712181856782176
1461,Rest_1461,Mumbai,Indian,1.2844437977781011
1462,Rest_1462,Mumbai,Indian,1.693293701197263
1463,Rest_1463,Lucknow,Chinese,1.0579748209102646
1464,Rest_1464,Delhi,Italian,1.709577320956062
1465,Rest_1465,Mumbai,Italian,41.299956836781966
1466,Rest_1466,Kolkata,Chinese,1.0250142341270316
1467,Rest_1467,Jaipur,Italian,6.618915642337875
1468,Rest_1468,Lucknow,Indian,1.2984910262359708
1469,Rest_1469,Mumbai,Indian,2.7815733768673683
1470,Rest_1470,Ahmedabad,Italian,2.143660814427205
1471,Rest_1471,Gurgaon,Indian,1.5197221969091996
1472,Rest_1472,Delhi,Indian,1.9553386343257948
1473,Rest_1473,Delhi,Chinese,2.8690602883073852
1474,Rest_1474,Lucknow,Indian,1.2954719116677538
1475,Rest_1475,Kolkata,Indian,1.218998490752608
1476,Rest_1476,Lucknow,Chinese,1.7344635258579
1477,Rest_1477,Chennai,Italian,2.2812622803140425
1478,Rest_1478,Noida,Indian,2.0510291353182835
1479,Rest_1479,Pune,Italian,2.223945205397289
1480,Rest_1480,Pune,Chinese,1.3310674953343509
1481,Rest_1481,Jaipur,Indian,2.3429692920636556
1482,Rest_1482,Bangalore,Indian,1.0661302258053624
1483,Rest_1483,Delhi,Chinese,1.4816670131905851
1484,Rest_1484,Chennai,Chinese,1.0028918260433854
1485,Rest_1485,Noida,Indian,1.2167879945125488
1486,Rest_1486,Lucknow,Indian,1.2563582789558716
1487,Rest_1487,Kolkata,Indian,1.2868965151784186
1488,Rest_1488,Lucknow,Chinese,1.8121033655794834
1489,Rest_1489,Mumbai,Italian,1.278858229120642
1490,Rest_1490,Bangalore,Chinese,1.3468011912143953
1491,Rest_1491,Hyderabad,Italian,1.1452298100861733
1492,Rest_1492,Bangalore,Chinese,1.2631457041773508
1493,Rest_1493,Bangalore,Chinese,1.1375906361113002
1494,Rest_1494,Hyderabad,Italian,1.0387380304905671
1495,Rest_1495,Ahmedabad,Indian,1.5879991025170968
1496,Rest_1496,Pune,Indian,1.7360818044995967
1497,Rest_1497,Hyderabad,Indian,1.6211274517920184
1498,Rest_1498,Lucknow,Chinese,1.365251700363068
1499,Rest_1499,Chennai,Chinese,1.2697819240631185
1500,Rest_1500,Kolkata,Italian,2.7050120336221295
1501,Rest_1501,Pune,Indian,1.44199709947477
1502,Rest_1502,Lucknow,Chinese,1.3856608803498507
1503,Rest_1503,Bangalore,Indian,1.0130729910061504
1504,Rest_1504,Bangalore,Chinese,1.2320801757406088
1505,Rest_1505,Ahmedabad,Chinese,1.270201669123494
1506,Rest_1506,Hyderabad,Chinese,1.2897298232525611
1507,Rest_1507,Mumbai,Chinese,1.5433502298431743
1508,Rest_1508,Pune,Chinese,1.464272529400095
1509,Rest_1509,Mumbai,Italian,1.5969980994186725
1510,Rest_1510,Kolkata,Indian,2.0623303151368972
1511,Rest_1511,Jaipur,Indian,2.3123982761443624
1512,Rest_1512,Bangalore,Italian,1.8835200099690557
1513,Rest_1513,Mumbai,Italian,4.741717266009962
1514,Rest_1514,Lucknow,Italian,1.0092428762748271
1515,Rest_1515,Kolkata,Chinese,1.1150953928256455
1516,Rest_1516,Mumbai,Indian,1.0038030224734646
1517,Rest_1517,Pune,Chinese,1.68424343538777
1518,Rest_1518,Mumbai,Chinese,3.131590445445405
1519,Rest_1519,Hyderabad,Indian,1.1497156743823673
1520,Rest_1520,Mumbai,Italian,3.7020420881312184
1521,Rest_1521,Mumbai,Chinese,1.0315679754492364
1522,Rest_1522,Gurgaon,Indian,3.905416600624549
1523,Rest_1523,Lucknow,Italian,1.241898478277787
1524,Rest_1524,Bangalore,Indian,1.054925586899616
1525,Rest_1525,Lucknow,Chinese,1.3946469132432675
1526,Rest_1526,Jaipur,Italian,1.1599527616100074
1527,Rest_1527,Hyderabad,Indian,1.1825196945973036
1528,Rest_1528,Gurgaon,Chinese,1.2015013425403327
1529,Rest_1529,Lucknow,Italian,2.2531776527476945
1530,Rest_1530,Hyderabad,Chinese,1.4730772337547888
1531,Rest_1531,Noida,Chinese,1.2050009410259674
1532,Rest_1532,Chennai,Chinese,1.6019672103289775
1533,Rest_1533,Gurgaon,Chinese,1.8769645338939094
1534,Rest_1534,Delhi,Chinese,1.1725206945329396
1535,Rest_1535,Bangalore,Chinese,1.3058225738328333
1536,Rest_1536,Chennai,Chinese,1.0671477976749393
1537,Rest_1537,Hyderabad,Chinese,1.1050900046902867
1538,Rest_1538,Chennai,Chinese,1.7708627307045512
1539,Rest_1539,Ahmedabad,Indian,1.1052850668424916
1540,Rest_1540,Pune,Chinese,1.451202103497516
1541,Rest_1541,Delhi,Indian,1.8539073627106792
1542,Rest_1542,Noida,Chinese,1.058142954263865
1543,Rest_1543,Noida,Indian,1.520241853406451
1544,Rest_1544,Chennai,Italian,1.1597859706639404
1545,Rest_1545,Hyderabad,Italian,5.193622787311874
1546,Rest_1546,Hyderabad,Italian,1.3915026211426254
1547,Rest_1547,Jaipur,Indian,2.2703394521773546
1548,Rest_1548,Kolkata,Chinese,1.4910873590775033
1549,Rest_1549,Bangalore,Chinese,1.0224395880931934
1550,Rest_1550,Jaipur,Indian,1.6510360365212853
1551,Rest_1551,Bangalore,Indian,4.5362480971216534
1552,Rest_1552,Chennai,Indian,1.5843341293234332
1553,Rest_1553,Lucknow,Indian,2.3517297173818217
1554,Rest_1554,Hyderabad,Chinese,2.9387175099616765
1555,Rest_1555,Hyderabad,Italian,1.1381874408647288
1556,Rest_1556,Hyderabad,Italian,1.1265468252973732
1557,Rest_1557,Mumbai,Chinese,1.603299241867125
1558,Rest_1558,Bangalore,Chinese,1.303025301931033
1559,Rest_1559,Kolkata,Italian,2.4989171326138653
1560,Rest_1560,Ahmedabad,Italian,3.162643336612005
1561,Rest_1561,Lucknow,Chinese,1.2436246732803182
1562,Rest_1562,Ahmedabad,Indian,1.144724283192962
1563,Rest_1563,Pune,Chinese,2.1345581033329983
1564,Rest_1564,Gurgaon,Indian,1.1742833673069752
1565,Rest_1565,Hyderabad,Italian,2.3743280301029013
1566,Rest_1566,Kolkata,Indian,1.3173164177756334
1567,Rest_1567,Bangalore,Italian,1.734350083540738
1568,Rest_1568,Kolkata,Indian,1.0514876896199823
1569,Rest_1569,Hyderabad,Chinese,1.6305151935352156
1570,Rest_1570,Delhi,Italian,1.3505718143833638
1571,Rest_1571,Kolkata,Indian,1.5553180399747701
1572,Rest_1572,Bangalore,Chinese,1.0963318849932855
1573,Rest_1573,Chennai,Italian,1.9494760660062682
1574,Rest_1574,Hyderabad,Italian,2.6997174829900157
1575,Rest_1575,Jaipur,Chinese,1.1299181125678246
1576,Rest_1576,Chennai,Chinese,1.0515918940437559
1577,Rest_1577,Lucknow,Indian,1.0120330515494333
1578,Rest_1578,Pune,Indian,1.6712491553350508
1579,Rest_1579,Delhi,Italian,1.5953489450926683
1580,Rest_1580,Delhi,Chinese,1.485271682488407
1581,Rest_1581,Lucknow,Indian,1.1410493614016894
1582,Rest_1582,Bangalore,Indian,1.28132068675448
1583,Rest_1583,Jaipur,Chinese,1.5703335103411071
1584,Rest_1584,Lucknow,Italian,1.4096632660948167
1585,Rest_1585,Lucknow,Chinese,9.048206684710312
1586,Rest_1586,Kolkata,Indian,1.0761025956461354
1587,Rest_1587,Mumbai,Indian,1.8111441655193963
1588,Rest_1588,Jaipur,Chinese,1.2956659374698483
1589,Rest_1589,Pune,Indian,1.322445485128514
1590,Rest_1590,Noida,Chinese,1.881767379503668
1591,Rest_1591,Hyderabad,Chinese,1.80315207763331
1592,Rest_1592,Pune,Chinese,10.69411300843307
1593,Rest_1593,Pune,Indian,1.0711245330550965
1594,Rest_1594,Bangalore,Italian,1.056507466255204
1595,Rest_1595,Kolkata,Chinese,1.9046368925716046
1596,Rest_1596,Kolkata,Indian,1.5400788635842546
1597,Rest_1597,Pune,Indian,1.1737612031271052
1598,Rest_1598,Bangalore,Italian,1.0422432315411763
1599,Rest_1599,Jaipur,Indian,1.0457929855919952
1600,Rest_1600,Lucknow,Indian,3.074244734313441
1601,Rest_1601,Gurgaon,Italian,1.1123940737629747
1602,Rest_1602,Bangalore,Indian,1.2156956890067974
1603,Rest_1603,Gurgaon,Chinese,1.1371395187770192
1604,Rest_1604,Jaipur,Italian,1.2451420470259718
1605,Rest_1605,Hyderabad,Chinese,1.036630635706521
1606,Rest_1606,Bangalore,Chinese,1.441964126586543
1607,Rest_1607,Ahmedabad,Indian,1.035623253927397
1608,Rest_1608,Lucknow,Italian,2.23806358514624
1609,Rest_1609,Gurgaon,Italian,1.1423626912405747
1610,Rest_1610,Chennai,Italian,1.4744386566220415
1611,Rest_1611,Gurgaon,Indian,2.8877030919381066
1612,Rest_1612,Mumbai,Italian,1.6924311071755913
1613,Rest_1613,Hyderabad,Indian,1.4632614530462231
1614,Rest_1614,Ahmedabad,Chinese,1.2165609944068259
1615,Rest_1615,Hyderabad,Indian,1.224440555888573
1616,Rest_1616,Mumbai,Indian,1.7394249590233348
1617,Rest_1617,Kolkata,Indian,13.062536674700366
1618,Rest_1618,Mumbai,Italian,1.7196432619703665
1619,Rest_1619,Noida,Indian,1.5037737100796933
1620,Rest_1620,Lucknow,Indian,1.926823442212751
1621,Rest_1621,Chennai,Italian,1.3674346469277454
1622,Rest_1622,Jaipur,Chinese,1.031499348311337
1623,Rest_1623,Lucknow,Chinese,1.511506945108461
1624,Rest_1624,Gurgaon,Chinese,4.857877983475169
1625,Rest_1625,Pune,Chinese,1.1011659593332102
1626,Rest_1626,Chennai,Italian,1.796067188456732
1627,Rest_1627,Noida,Indian,1.118686995188517
1628,Rest_1628,Gurgaon,Indian,1.4677780299643446
1629,Rest_1629,Ahmedabad,Italian,1.0521516330945064
1630,Rest_1630,Pune,Chinese,1.348854655370146
1631,Rest_1631,Lucknow,Indian,2.0251187266236306
1632,Rest_1632,Hyderabad,Chinese,1.238036777168897
1633,Rest_1633,Pune,Chinese,1.7275092590419237
1634,Rest_1634,Lucknow,Indian,2.211058414469356
1635,Rest_1635,Hyderabad,Indian,3.705682107354849
1636,Rest_1636,Jaipur,Chinese,1.1430565330865787
1637,Rest_1637,Noida,Chinese,1.2902591200489673
1638,Rest_1638,Lucknow,Italian,1.0861970738274067
1639,Rest_1639,Noida,Italian,11.534326253386675
1640,Rest_1640,Pune,Indian,3.7011905885508174
1641,Rest_1641,Chennai,Chinese,1.4743508620540982
1642,Rest_1642,Jaipur,Chinese,2.516038135786079
1643,Rest_1643,Jaipur,Indian,1.4448181669839897
1644,Rest_1644,Chennai,Indian,1.6299224293181056
1645,Rest_1645,Gurgaon,Chinese,1.0477808901668553
1646,Rest_1646,Gurgaon,Indian,2.0214209760137978
1647,Rest_1647,Chennai,Indian,1.0707064535912838
1648,Rest_1648,Ahmedabad,Chinese,2.3977825373088093
1649,Rest_1649,Delhi,Italian,2.1419026729094632
1650,Rest_1650,Gurgaon,Chinese,1.8529473519102992
1651,Rest_1651,Kolkata,Italian,1.0185857891597083
1652,Rest_1652,Noida,Chinese,1.197908380861901
1653,Rest_1653,Jaipur,Italian,1.1649289168649404
1654,Rest_1654,Chennai,Italian,1.2501332317192078
1655,Rest_1655,Noida,Chinese,1.0469297365102592
1656,Rest_1656,Noida,Indian,3.98276240618668
1657,Rest_1657,Mumbai,Italian,1.49705000653952
1658,Rest_1658,Hyderabad,Italian,1.1999730053194506
1659,Rest_1659,Hyderabad,Chinese,1.2877592796755002
1660,Rest_1660,Jaipur,Chinese,1.344983575051095
1661,Rest_1661,Bangalore,Indian,1.5823147951558163
1662,Rest_1662,Kolkata,Chinese,1.4369231497514556
1663,Rest_1663,Jaipur,Chinese,3.5221743897541575
1664,Rest_1664,Ahmedabad,Chinese,1.4099387397499734
1665,Rest_1665,Lucknow,Indian,11.292419192666621
1666,Rest_1666,Delhi,Indian,2.5943410575961505
1667,Rest_1667,Kolkata,Indian,1.124028764031836
1668,Rest_1668,Bangalore,Indian,3.7958172252798246
1669,Rest_1669,Chennai,Indian,1.0638095598060089
1670,Rest_1670,Jaipur,Chinese,2.3405004803815297
1671,Rest_1671,Chennai,Chinese,1.2706401255249893
1672,Rest_1672,Gurgaon,Italian,2.8626904062104943
1673,Rest_1673,Lucknow,Chinese,2.7530006425980207
1674,Rest_1674,Jaipur,Indian,2.2699466503728085
1675,Rest_1675,Gurgaon,Italian,2.1823370563781586
1676,Rest_1676,Bangalore,Indian,1.1992434921626394
1677,Rest_1677,Gurgaon,Chinese,1.0430933407671583
1678,Rest_1678,Noida,Indian,1.2942126039258959
1679,Rest_1679,Pune,Indian,1.0999805652385928
1680,Rest_1680,Pune,Indian,1.8105697513361907
1681,Rest_1681,Noida,Chinese,1.2366427066741892
1682,Rest_1682,Hyderabad,Indian,6.4031826195377795
1683,Rest_1683,Bangalore,Italian,1.6689214129602243
1684,Rest_1684,Gurgaon,Indian,2.373433373694471
1685,Rest_1685,Ahmedabad,Indian,1.0736715225523799
1686,Rest_1686,Hyderabad,Chinese,2.6920507712911923
1687,Rest_1687,Bangalore,Indian,3.5980812753474027
1688,Rest_1688,Kolkata,Italian,1.3962639609960155
1689,Rest_1689,Bangalore,Indian,1.5936440908435954
1690,Rest_1690,Mumbai,Italian,2.062008210016057
1691,Rest_1691,Hyderabad,Chinese,1.1008561048359147
1692,Rest_1692,Lucknow,Indian,1.4178565708798718
1693,Rest_1693,Pune,Italian,1.2895584949751746
1694,Rest_1694,Hyderabad,Italian,1.08234616021747
1695,Rest_1695,Bangalore,Indian,1.2574234435130058
1696,Rest_1696,Kolkata,Italian,1.0359342549514894
1697,Rest_1697,Chennai,Indian,1.0131612973493074
1698,Rest_1698,Delhi,Italian,1.0753100258750479
1699,Rest_1699,Lucknow,Italian,5.206858349697922
1700,Rest_1700,Pune,Italian,1.4899333438403222
1701,Rest_1701,Noida,Indian,5.4091335122801345
1702,Rest_1702,Ahmedabad,Chinese,1.3274441417941247
1703,Rest_1703,Mumbai,Chinese,1.2054459894168774
1704,Rest_1704,Noida,Italian,1.422980317599891
1705,Rest_1705,Lucknow,Italian,1.3357239711045037
1706,Rest_1706,Kolkata,Chinese,1.0574255740357932
1707,Rest_1707,Hyderabad,Italian,1.66858273126892
1708,Rest_1708,Mumbai,Italian,1.1294123813893209
1709,Rest_1709,Gurgaon,Italian,1.6213354187862277
1710,Rest_1710,Hyderabad,Italian,1.6907943019321252
1711,Rest_1711,Lucknow,Chinese,1.0859465204491414
1712,Rest_1712,Gurgaon,Chinese,1.0321624882037292
1713,Rest_1713,Gurgaon,Italian,2.1357070153934052
1714,Rest_1714,Kolkata,Indian,1.3605762334057898
1715,Rest_1715,Mumbai,Chinese,1.0304153259579245
1716,Rest_1716,Ahmedabad,Indian,13.956788048399726
1717,Rest_1717,Pune,Chinese,1.0302057511723157
1718,Rest_1718,Noida,Chinese,1.8108195027296006
1719,Rest_1719,Noida,Chinese,7.827545905369797
1720,Rest_1720,Kolkata,Chinese,1.1464604294219845
1721,Rest_1721,Jaipur,Italian,1.0797407117692788
1722,Rest_1722,Hyderabad,Chinese,1.0668434086404621
1723,Rest_1723,Lucknow,Indian,1.1980345667248815
1724,Rest_1724,Lucknow,Italian,1.0547055218703056
1725,Rest_1725,Lucknow,Chinese,1.8023470549679754
1726,Rest_1726,Hyderabad,Italian,1.0326808954379467
1727,Rest_1727,Noida,Italian,1.427729794131669
1728,Rest_1728,Bangalore,Italian,17.399473434890737
1729,Rest_1729,Jaipur,Chinese,2.3185091893674095
1730,Rest_1730,Jaipur,Indian,1.612105418938364
1731,Rest_1731,Ahmedabad,Chinese,1.2006035834456368
1732,Rest_1732,Chennai,Italian,1.6305943355709631
1733,Rest_1733,Bangalore,Chinese,1.454080552127777
1734,Rest_1734,Lucknow,Chinese,1.320005074169043
1735,Rest_1735,Bangalore,Italian,1.0725505064048146
1736,Rest_1736,Gurgaon,Indian,2.9696245476948904
1737,Rest_1737,Noida,Chinese,1.3481358210856955
1738,Rest_1738,Kolkata,Indian,1.114295192875414
1739,Rest_1739,Hyderabad,Indian,1.2576470967425755
1740,Rest_1740,Chennai,Chinese,1.3064695083854712
1741,Rest_1741,Jaipur,Indian,2.407981574292146
1742,Rest_1742,Gurgaon,Indian,1.9375129409627485
1743,Rest_1743,Lucknow,Chinese,2.0820004016018463
1744,Rest_1744,Jaipur,Chinese,1.0055616890962753
1745,Rest_1745,Ahmedabad,Italian,1.3087323712796275
1746,Rest_1746,Kolkata,Italian,1.388546283300804
1747,Rest_1747,Bangalore,Chinese,1.0097365141435453
1748,Rest_1748,Mumbai,Italian,1.1623296987058391
1749,Rest_1749,Lucknow,Chinese,2.04247506756948
1750,Rest_1750,Gurgaon,Indian,1.0765202608299431
1751,Rest_1751,Hyderabad,Italian,1.4669604259666018
1752,Rest_1752,Lucknow,Indian,1.128810448765218
1753,Rest_1753,Pune,Italian,1.0061160421997475
1754,Rest_1754,Pune,Chinese,1.1479864341960393
1755,Rest_1755,Noida,Chinese,6.438061667932617
1756,Rest_1756,Delhi,Indian,2.244710543392807
1757,Rest_1757,Chennai,Indian,4.973748469759475
1758,Rest_1758,Pune,Italian,1.3973433294794753
1759,Rest_1759,Jaipur,Italian,1.0598408200652398
1760,Rest_1760,Noida,Indian,1.4873436423123083
1761,Rest_1761,Ahmedabad,Indian,1.3537977830881063
1762,Rest_1762,Noida,Italian,2.5347510920956315
1763,Rest_1763,Noida,Indian,1.052971490296675
1764,Rest_1764,Ahmedabad,Italian,1.3978717030440004
1765,Rest_1765,Noida,Italian,1.0846833399982003
1766,Rest_1766,Jaipur,Italian,1.216869159455164
1767,Rest_1767,Jaipur,Italian,1.9512690172969156
1768,Rest_1768,Gurgaon,Italian,1.381471308289818
1769,Rest_1769,Bangalore,Chinese,1.265810904726289
1770,Rest_1770,Pune,Italian,1.2850925898113443
1771,Rest_1771,Pune,Indian,1.3601310840831684
1772,Rest_1772,Hyderabad,Italian,2.156738444105538
1773,Rest_1773,Lucknow,Italian,3.044096856027331
1774,Rest_1774,Kolkata,Chinese,4.731673907325588
1775,Rest_1775,Delhi,Italian,2.166265712258525
1776,Rest_1776,Noida,Italian,1.20860320020385
1777,Rest_1777,Jaipur,Chinese,1.7906737887846509
1778,Rest_1778,Noida,Indian,1.3334555712438356
1779,Rest_1779,Hyderabad,Italian,1.158312865504521
1780,Rest_1780,Pune,Chinese,2.5068371603940345
1781,Rest_1781,Mumbai,Italian,1.0197852423086537
1782,Rest_1782,Ahmedabad,Indian,3.1905108547181715
1783,Rest_1783,Jaipur,Italian,1.3626931069984403
1784,Rest_1784,Hyderabad,Indian,1.6602261294766238
1785,Rest_1785,Ahmedabad,Indian,1.7133587372163717
1786,Rest_1786,Ahmedabad,Indian,3.0877987210453037
1787,Rest_1787,Delhi,Chinese,1.6590106753573077
1788,Rest_1788,Kolkata,Italian,1.6094184974644234
1789,Rest_1789,Hyderabad,Chinese,1.0350902286849228
1790,Rest_1790,Gurgaon,Chinese,1.4409880454807673
1791,Rest_1791,Kolkata,Indian,1.0847601328944878
1792,Rest_1792,Bangalore,Italian,1.951553963493031
1793,Rest_1793,Hyderabad,Chinese,1.4318214373317666
1794,Rest_1794,Gurgaon,Italian,1.768396446166457
1795,Rest_1795,Hyderabad,Italian,1.021511159368894
1796,Rest_1796,Kolkata,Italian,1.0452979530722495
1797,Rest_1797,Mumbai,Indian,1.8775358330589875
1798,Rest_1798,Lucknow,Indian,1.0381156708609003
1799,Rest_1799,Bangalore,Indian,1.0376530324836089
1800,Rest_1800,Delhi,Chinese,1.0061097790266575
1801,Rest_1801,Hyderabad,Indian,4.794710078008881
1802,Rest_1802,Ahmedabad,Chinese,1.9518312247218543
1803,Rest_1803,Bangalore,Indian,1.2434612451924
1804,Rest_1804,Mumbai,Italian,1.1922818483067479
1805,Rest_1805,Bangalore,Indian,1.2400642903550285
1806,Rest_1806,Kolkata,Indian,2.106563822500783
1807,Rest_1807,Chennai,Indian,1.7184530709947037
1808,Rest_1808,Hyderabad,Indian,1.1078304770364882
1809,Rest_1809,Hyderabad,Indian,1.1003699492117505
1810,Rest_1810,Noida,Italian,1.0531542889072805
1811,Rest_1811,Lucknow,Indian,1.7157498322170721
1812,Rest_1812,Lucknow,Indian,2.060094590800996
1813,Rest_1813,Pune,Indian,1.1664605289877805
1814,Rest_1814,Kolkata,Italian,1.010639914789067
1815,Rest_1815,Bangalore,Indian,1.0438047529554701
1816,Rest_1816,Bangalore,Chinese,5.577984449747878
1817,Rest_1817,Mumbai,Indian,1.1913585357594125
1818,Rest_1818,Hyderabad,Indian,2.081631625730729
1819,Rest_1819,Ahmedabad,Italian,1.6322611346915556
1820,Rest_1820,Noida,Chinese,1.2719925117538855
1821,Rest_1821,Bangalore,Indian,1.1220293994526618
1822,Rest_1822,Delhi,Indian,1.0668443064072202
1823,Rest_1823,Kolkata,Chinese,1.6116730714469043
1824,Rest_1824,Kolkata,Indian,2.106471513431786
1825,Rest_1825,Hyderabad,Indian,1.6757784721156954
1826,Rest_1826,Lucknow,Chinese,1.459118977988398
1827,Rest_1827,Gurgaon,Italian,1.0216595282396752
1828,Rest_1828,Chennai,Chinese,5.633358298157988
1829,Rest_1829,Kolkata,Italian,2.2289145641085093
1830,Rest_1830,Jaipur,Indian,1.18914726273831
1831,Rest_1831,Mumbai,Italian,7.065828562701182
1832,Rest_1832,Mumbai,Italian,1.5848708196897094
1833,Rest_1833,Delhi,Italian,1.547503134380567
1834,Rest_1834,Kolkata,Italian,1.9923369851412278
1835,Rest_1835,Jaipur,Indian,2.304917230027142
1836,Rest_1836,Gurgaon,Chinese,1.7061731614830176
1837,Rest_1837,Chennai,Indian,1.0709411389483565
1838,Rest_1838,Bangalore,Chinese,1.2293025132653554
1839,Rest_1839,Pune,Italian,3.7289464967493315
1840,Rest_1840,Hyderabad,Chinese,1.1356420728501806
1841,Rest_1841,Hyderabad,Italian,1.262054002876595
1842,Rest_1842,Gurgaon,Indian,1.3269520404450166
1843,Rest_1843,Chennai,Indian,1.3355968498232356
1844,Rest_1844,Chennai,Chinese,1.6073506109499458
1845,Rest_1845,Jaipur,Chinese,4.1913282643267085
1846,Rest_1846,Pune,Chinese,1.1476017868283859
1847,Rest_1847,Kolkata,Indian,1.066914106418017
1848,Rest_1848,Delhi,Chinese,1.116270620384652
1849,Rest_1849,Lucknow,Indian,2.973832546246112
1850,Rest_1850,Jaipur,Italian,1.6802826789458427
1851,Rest_1851,Ahmedabad,Chinese,1.1833754301244555
1852,Rest_1852,Mumbai,Indian,2.3309259542425296
1853,Rest_1853,Gurgaon,Indian,2.6857858577825144
1854,Rest_1854,Ahmedabad,Indian,2.552502023964465
1855,Rest_1855,Mumbai,Chinese,3.5120495050241387
1856,Rest_1856,Mumbai,Indian,1.156429552234247
1857,Rest_1857,Kolkata,Indian,2.020477986520133
1858,Rest_1858,Lucknow,Italian,1.3615079250346132
1859,Rest_1859,Jaipur,Italian,2.5157615063257244
1860,Rest_1860,Mumbai,Italian,1.9191442834081738
1861,Rest_1861,Jaipur,Indian,2.1149990787792845
1862,Rest_1862,Pune,Italian,1.7053870526801331
1863,Rest_1863,Jaipur,Italian,1.1025879504544807
1864,Rest_1864,Lucknow,Indian,1.4825424893648012
1865,Rest_1865,Bangalore,Indian,8.076537855749057
1866,Rest_1866,Bangalore,Indian,3.9964229319164954
1867,Rest_1867,Noida,Italian,1.0223119939781184
1868,Rest_1868,Lucknow,Indian,1.094229979223269
1869,Rest_1869,Mumbai,Chinese,1.0731793201793693
1870,Rest_1870,Kolkata,Italian,1.9103317671065072
1871,Rest_1871,Hyderabad,Indian,2.3426549737230573
1872,Rest_1872,Pune,Italian,1.127596644174035
1873,Rest_1873,Delhi,Italian,1.4225638999949437
1874,Rest_1874,Hyderabad,Indian,2.5055105727844733
1875,Rest_1875,Lucknow,Italian,1.9345636735003717
1876,Rest_1876,Chennai,Indian,1.4780181055383075
1877,Rest_1877,Jaipur,Chinese,1.5624002370234162
1878,Rest_1878,Noida,Indian,1.426187535668518
1879,Rest_1879,Chennai,Indian,1.1931411186345668
1880,Rest_1880,Lucknow,Indian,1.516234416756953
1881,Rest_1881,Bangalore,Indian,1.7928325791361852
1882,Rest_1882,Hyderabad,Indian,2.8096419001443262
1883,Rest_1883,Delhi,Chinese,1.6581476029306916
1884,Rest_1884,Gurgaon,Italian,2.0460276667378277
1885,Rest_1885,Chennai,Italian,1.0911359780506353
1886,Rest_1886,Pune,Indian,1.3627943478375792
1887,Rest_1887,Ahmedabad,Italian,1.0046987206119127
1888,Rest_1888,Hyderabad,Indian,1.1521523867368113
1889,Rest_1889,Noida,Chinese,1.9120134379205627
1890,Rest_1890,Lucknow,Indian,11.049859582788528
1891,Rest_1891,Delhi,Italian,1.0536115721828647
1892,Rest_1892,Delhi,Chinese,1.2926050857628681
1893,Rest_1893,Gurgaon,Italian,2.2364648102020293
1894,Rest_1894,Delhi,Indian,1.120864688379322
1895,Rest_1895,Noida,Chinese,1.4992064820627564
1896,Rest_1896,Jaipur,Italian,1.9355409367388852
1897,Rest_1897,Noida,Italian,1.613712489468629
1898,Rest_1898,Bangalore,Italian,1.1097588065500827
1899,Rest_1899,Mumbai,Indian,1.2455169757094957
1900,Rest_1900,Chennai,Indian,2.1506211071085763
1901,Rest_1901,Chennai,Indian,1.497762260056828
1902,Rest_1902,Ahmedabad,Chinese,1.0026251074936086
1903,Rest_1903,Pune,Indian,2.045467834819596
1904,Rest_1904,Noida,Chinese,1.0181374601767041
1905,Rest_1905,Hyderabad,Indian,1.9831504780075144
1906,Rest_1906,Bangalore,Indian,1.1197713742390856
1907,Rest_1907,Mumbai,Italian,4.883774381658952
1908,Rest_1908,Kolkata,Chinese,1.2578275555773926
1909,Rest_1909,Delhi,Chinese,1.2189065326779565
1910,Rest_1910,Lucknow,Chinese,1.0839435263178334
1911,Rest_1911,Hyderabad,Italian,1.2000420443931061
1912,Rest_1912,Mumbai,Chinese,2.8472904025249735
1913,Rest_1913,Lucknow,Indian,16.516718582705277
1914,Rest_1914,Chennai,Indian,1.2581946601861194
1915,Rest_1915,Delhi,Italian,1.3466998313680218
1916,Rest_1916,Ahmedabad,Chinese,1.8968501328084204
1917,Rest_1917,Delhi,Indian,2.964290878402333
1918,Rest_1918,Lucknow,Chinese,1.5675682203610166
1919,Rest_1919,Mumbai,Chinese,1.2819730029404663
1920,Rest_1920,Chennai,Chinese,1.3047914526100504
1921,Rest_1921,Mumbai,Italian,1.8125526115326673
1922,Rest_1922,Pune,Italian,1.0016130262056249
1923,Rest_1923,Chennai,Indian,1.6213383650689444
1924,Rest_1924,Ahmedabad,Chinese,1.2456217537559462
1925,Rest_1925,Noida,Chinese,2.2043192786171018
1926,Rest_1926,Gurgaon,Indian,1.0500116449063437
1927,Rest_1927,Hyderabad,Chinese,1.5583249504830692
1928,Rest_1928,Ahmedabad,Chinese,1.3880495786661653
1929,Rest_1929,Noida,Chinese,1.6720760502665923
1930,Rest_1930,Kolkata,Chinese,1.0340944221277792
1931,Rest_1931,Mumbai,Italian,1.5430037188860652
1932,Rest_1932,Mumbai,Italian,1.5101064730602927
1933,Rest_1933,Lucknow,Italian,1.5086888261361262
1934,Rest_1934,Hyderabad,Indian,1.5880773430870991
1935,Rest_1935,Lucknow,Chinese,1.758090943074958
1936,Rest_1936,Noida,Chinese,2.2644901971000504
1937,Rest_1937,Lucknow,Chinese,1.1702677784151552
1938,Rest_1938,Mumbai,Chinese,2.390794755636894
1939,Rest_1939,Ahmedabad,Indian,1.4117531602891995
1940,Rest_1940,Chennai,Chinese,1.0409092330242173
1941,Rest_1941,Jaipur,Indian,1.0306271629809374
1942,Rest_1942,Delhi,Chinese,1.2255770008218292
1943,Rest_1943,Bangalore,Chinese,2.1561389406779154
1944,Rest_1944,Bangalore,Chinese,1.849572797234808
1945,Rest_1945,Lucknow,Italian,2.175018125864657
1946,Rest_1946,Gurgaon,Indian,1.4392870928776416
1947,Rest_1947,Jaipur,Indian,1.3365437033986343
1948,Rest_1948,Ahmedabad,Indian,1.0830305671258014
1949,Rest_1949,Kolkata,Indian,1.2200500807115138
1950,Rest_1950,Delhi,Italian,1.3292271838951286
1951,Rest_1951,Ahmedabad,Indian,1.0474796399268838
1952,Rest_1952,Bangalore,Indian,1.1327214623376252
1953,Rest_1953,Chennai,Indian,1.5776428882118632
1954,Rest_1954,Delhi,Indian,1.9450067615794904
1955,Rest_1955,Delhi,Indian,24.599753936747998
1956,Rest_1956,Pune,Indian,3.8666086390994856
1957,Rest_1957,Noida,Indian,1.6726365516203796
1958,Rest_1958,Noida,Italian,1.3144793490865698
1959,Rest_1959,Mumbai,Indian,1.6578878254660154
1960,Rest_1960,Kolkata,Italian,2.159931087758326
1961,Rest_1961,Mumbai,Chinese,1.0649972662354432
1962,Rest_1962,Mumbai,Indian,1.3017841876895335
1963,Rest_1963,Pune,Indian,2.498456786609764
1964,Rest_1964,Noida,Chinese,1.2739452548386891
1965,Rest_1965,Delhi,Indian,1.5283165692358316
1966,Rest_1966,Lucknow,Chinese,1.5575064941443544
1967,Rest_1967,Lucknow,Italian,1.1073418005370883
1968,Rest_1968,Pune,Chinese,1.2521887840264512
1969,Rest_1969,Delhi,Italian,1.2258283285344729
1970,Rest_1970,Delhi,Chinese,1.0133614545922711
1971,Rest_1971,Mumbai,Italian,1.0123198676076126
1972,Rest_1972,Noida,Chinese,2.437553338396608
1973,Rest_1973,Ahmedabad,Chinese,1.172880985884808
1974,Rest_1974,Gurgaon,Italian,1.4404957092132613
1975,Rest_1975,Noida,Italian,1.1941420706546468
1976,Rest_1976,Ahmedabad,Chinese,4.105789365478102
1977,Rest_1977,Hyderabad,Italian,1.1619244151376102
1978,Rest_1978,Lucknow,Indian,1.3241337978795604
1979,Rest_1979,Bangalore,Chinese,2.803092344604641
1980,Rest_1980,Mumbai,Chinese,2.5152442986919055
1981,Rest_1981,Jaipur,Italian,1.108446800228099
1982,Rest_1982,Kolkata,Indian,2.250992631813313
1983,Rest_1983,Pune,Italian,1.3585488027570072
1984,Rest_1984,Pune,Italian,1.3907262584362985
1985,Rest_1985,Lucknow,Indian,1.0742631970016616
1986,Rest_1986,Hyderabad,Italian,1.0429130643771103
1987,Rest_1987,Lucknow,Italian,1.917198585916709
1988,Rest_1988,Delhi,Italian,1.4092352865469377
1989,Rest_1989,Mumbai,Indian,1.3325644612635714
1990,Rest_1990,Delhi,Chinese,1.9227506685450844
1991,Rest_1991,Chennai,Italian,2.065097311433777
1992,Rest_1992,Noida,Chinese,1.0903810424486058
1993,Rest_1993,Jaipur,Chinese,1.6017439532793134
1994,Rest_1994,Gurgaon,Chinese,1.0754267932477992
1995,Rest_1995,Noida,Indian,2.0055231389621646
1996,Rest_1996,Kolkata,Chinese,1.7073578357891488
1997,Rest_1997,Bangalore,Chinese,4.8009623767813725
1998,Rest_1998,Kolkata,Chinese,1.0363712755858758
1999,Rest_1999,Jaipur,Indian,1.029809170185863
2000,Rest_2000,Delhi,Chinese,1.1803053153095358
